Timestamps,Seconds,Values
2021-02-09 09:09:59.514,1796.154,27.5932
2021-02-09 09:09:58.472,1795.112,27.6012
2021-02-09 09:09:57.534,1794.174,27.6081
2021-02-09 09:09:56.492,1793.132,27.5978
2021-02-09 09:09:55.435,1792.075,27.6013
2021-02-09 09:09:54.502,1791.142,27.5859
2021-02-09 09:09:53.450,1790.09,27.5878
2021-02-09 09:09:52.517,1789.157,27.5877
2021-02-09 09:09:51.475,1788.115,27.5945
2021-02-09 09:09:49.485,1786.125,27.587
2021-02-09 09:09:48.442,1785.082,27.6036
2021-02-09 09:09:46.463,1783.103,27.598
2021-02-09 09:09:46.463,1783.103,27.598
2021-02-09 09:09:44.471,1781.111,27.6004
2021-02-09 09:09:43.523,1780.163,27.5885
2021-02-09 09:09:42.488,1779.128,27.5893
2021-02-09 09:09:41.445,1778.085,27.599
2021-02-09 09:09:40.497,1777.137,27.5851
2021-02-09 09:09:39.455,1776.095,27.6055
2021-02-09 09:09:38.507,1775.147,27.6237
2021-02-09 09:09:37.465,1774.105,27.591
2021-02-09 09:09:36.526,1773.166,27.5946
2021-02-09 09:09:35.484,1772.124,27.5887
2021-02-09 09:09:34.450,1771.09,27.6047
2021-02-09 09:09:33.497,1770.137,27.6046
2021-02-09 09:09:32.455,1769.095,27.586
2021-02-09 09:09:31.523,1768.163,27.6099
2021-02-09 09:09:30.480,1767.12,27.6036
2021-02-09 09:09:29.531,1766.171,27.6038
2021-02-09 09:09:28.488,1765.128,27.6093
2021-02-09 09:09:27.446,1764.086,27.6013
2021-02-09 09:09:26.513,1763.153,27.6107
2021-02-09 09:09:25.471,1762.111,27.585
2021-02-09 09:09:24.529,1761.169,27.6036
2021-02-09 09:09:23.486,1760.126,27.6004
2021-02-09 09:09:22.444,1759.084,27.5995
2021-02-09 09:09:21.491,1758.131,27.5942
2021-02-09 09:09:20.463,1757.103,27.608
2021-02-09 09:09:19.514,1756.154,27.6092
2021-02-09 09:09:18.471,1755.111,27.6014
2021-02-09 09:09:17.524,1754.164,27.6253
2021-02-09 09:09:16.482,1753.122,27.6009
2021-02-09 09:09:15.439,1752.079,27.601
2021-02-09 09:09:14.506,1751.146,27.613
2021-02-09 09:09:13.462,1750.102,27.627
2021-02-09 09:09:12.513,1749.153,27.6195
2021-02-09 09:09:11.471,1748.111,27.62
2021-02-09 09:09:10.534,1747.174,27.6213
2021-02-09 09:09:09.491,1746.131,27.6274
2021-02-09 09:09:08.449,1745.089,27.6191
2021-02-09 09:09:07.501,1744.141,27.6302
2021-02-09 09:09:06.471,1743.111,27.6392
2021-02-09 09:09:05.521,1742.161,27.6303
2021-02-09 09:09:04.478,1741.118,27.6348
2021-02-09 09:09:03.435,1740.075,27.6254
2021-02-09 09:09:02.500,1739.14,27.6329
2021-02-09 09:09:01.457,1738.097,27.6323
2021-02-09 09:09:00.508,1737.148,27.6447
2021-02-09 09:08:59.465,1736.105,27.6381
2021-02-09 09:08:58.528,1735.168,27.6608
2021-02-09 09:08:57.484,1734.124,27.6455
2021-02-09 09:08:56.442,1733.082,27.645
2021-02-09 09:08:55.508,1732.148,27.6446
2021-02-09 09:08:54.466,1731.106,27.654
2021-02-09 09:08:53.518,1730.158,27.6603
2021-02-09 09:08:52.476,1729.116,27.6415
2021-02-09 09:08:51.543,1728.183,27.6452
2021-02-09 09:08:50.501,1727.141,27.6523
2021-02-09 09:08:49.458,1726.098,27.651
2021-02-09 09:08:48.509,1725.149,27.6465
2021-02-09 09:08:47.471,1724.111,27.6776
2021-02-09 09:08:46.534,1723.174,27.645
2021-02-09 09:08:45.491,1722.131,27.6721
2021-02-09 09:08:44.449,1721.089,27.6589
2021-02-09 09:08:43.501,1720.141,27.6535
2021-02-09 09:08:42.459,1719.099,27.6644
2021-02-09 09:08:41.525,1718.165,27.6616
2021-02-09 09:08:40.483,1717.123,27.6787
2021-02-09 09:08:39.535,1716.175,27.656
2021-02-09 09:08:38.493,1715.133,27.6652
2021-02-09 09:08:37.529,1714.169,27.6627
2021-02-09 09:08:36.486,1713.126,27.6625
2021-02-09 09:08:35.450,1712.09,27.6541
2021-02-09 09:08:34.500,1711.14,27.6618
2021-02-09 09:08:33.469,1710.109,27.6607
2021-02-09 09:08:32.521,1709.161,27.6489
2021-02-09 09:08:31.478,1708.118,27.6417
2021-02-09 09:08:30.529,1707.169,27.647
2021-02-09 09:08:29.503,1706.143,27.6676
2021-02-09 09:08:28.459,1705.099,27.6647
2021-02-09 09:08:27.509,1704.149,27.6466
2021-02-09 09:08:26.466,1703.106,27.6433
2021-02-09 09:08:25.532,1702.172,27.6424
2021-02-09 09:08:24.489,1701.129,27.6474
2021-02-09 09:08:23.445,1700.085,27.6567
2021-02-09 09:08:22.496,1699.136,27.6558
2021-02-09 09:08:21.454,1698.094,27.644
2021-02-09 09:08:20.516,1697.156,27.6504
2021-02-09 09:08:19.474,1696.114,27.6607
2021-02-09 09:08:18.541,1695.181,27.6494
2021-02-09 09:08:17.500,1694.14,27.6506
2021-02-09 09:08:16.457,1693.097,27.6583
2021-02-09 09:08:14.465,1691.105,27.6395
2021-02-09 09:08:12.490,1689.13,27.6561
2021-02-09 09:08:11.448,1688.088,27.6513
2021-02-09 09:08:09.456,1686.096,27.6425
2021-02-09 09:08:08.519,1685.159,27.6424
2021-02-09 09:08:07.476,1684.116,27.6434
2021-02-09 09:08:06.527,1683.167,27.6549
2021-02-09 09:08:05.485,1682.125,27.6422
2021-02-09 09:08:04.452,1681.092,27.6472
2021-02-09 09:08:03.504,1680.144,27.6506
2021-02-09 09:08:02.461,1679.101,27.6426
2021-02-09 09:08:01.527,1678.167,27.6509
2021-02-09 09:08:00.484,1677.124,27.6452
2021-02-09 09:07:59.440,1676.08,27.6428
2021-02-09 09:07:58.508,1675.148,27.6507
2021-02-09 09:07:57.464,1674.104,27.6267
2021-02-09 09:07:56.511,1673.151,27.6397
2021-02-09 09:07:55.469,1672.109,27.6627
2021-02-09 09:07:54.536,1671.176,27.6446
2021-02-09 09:07:53.494,1670.134,27.6523
2021-02-09 09:07:52.457,1669.097,27.6627
2021-02-09 09:07:51.508,1668.148,27.6389
2021-02-09 09:07:50.465,1667.105,27.6394
2021-02-09 09:07:49.531,1666.171,27.6584
2021-02-09 09:07:48.489,1665.129,27.6412
2021-02-09 09:07:47.445,1664.085,27.6362
2021-02-09 09:07:46.502,1663.142,27.647
2021-02-09 09:07:45.458,1662.098,27.6389
2021-02-09 09:07:44.520,1661.16,27.6578
2021-02-09 09:07:43.477,1660.117,27.6486
2021-02-09 09:07:42.528,1659.168,27.6397
2021-02-09 09:07:41.487,1658.127,27.638
2021-02-09 09:07:40.445,1657.085,27.6259
2021-02-09 09:07:39.511,1656.151,27.6347
2021-02-09 09:07:38.468,1655.108,27.6357
2021-02-09 09:07:37.517,1654.157,27.6386
2021-02-09 09:07:36.475,1653.115,27.6444
2021-02-09 09:07:35.539,1652.179,27.6446
2021-02-09 09:07:34.496,1651.136,27.6286
2021-02-09 09:07:33.452,1650.092,27.6408
2021-02-09 09:07:32.515,1649.155,27.6445
2021-02-09 09:07:31.473,1648.113,27.6594
2021-02-09 09:07:30.525,1647.165,27.656
2021-02-09 09:07:29.483,1646.123,27.6412
2021-02-09 09:07:28.440,1645.08,27.6603
2021-02-09 09:07:27.506,1644.146,27.6518
2021-02-09 09:07:26.448,1643.088,27.6408
2021-02-09 09:07:25.513,1642.153,27.658
2021-02-09 09:07:24.470,1641.11,27.6643
2021-02-09 09:07:23.522,1640.162,27.6457
2021-02-09 09:07:22.495,1639.135,27.6627
2021-02-09 09:07:21.452,1638.092,27.6446
2021-02-09 09:07:20.499,1637.139,27.6543
2021-02-09 09:07:19.456,1636.096,27.645
2021-02-09 09:07:18.522,1635.162,27.6584
2021-02-09 09:07:17.480,1634.12,27.6462
2021-02-09 09:07:16.544,1633.184,27.6749
2021-02-09 09:07:15.499,1632.139,27.6724
2021-02-09 09:07:14.457,1631.097,27.662
2021-02-09 09:07:13.509,1630.149,27.6717
2021-02-09 09:07:12.467,1629.107,27.671
2021-02-09 09:07:11.534,1628.174,27.6753
2021-02-09 09:07:10.492,1627.132,27.6675
2021-02-09 09:07:09.449,1626.089,27.675
2021-02-09 09:07:08.496,1625.136,27.6946
2021-02-09 09:07:07.454,1624.094,27.7019
2021-02-09 09:07:06.522,1623.162,27.6815
2021-02-09 09:07:05.479,1622.119,27.6894
2021-02-09 09:07:04.437,1621.077,27.6984
2021-02-09 09:07:03.499,1620.139,27.6897
2021-02-09 09:07:02.458,1619.098,27.6941
2021-02-09 09:07:01.510,1618.15,27.6909
2021-02-09 09:07:00.468,1617.108,27.7043
2021-02-09 09:06:59.534,1616.174,27.7089
2021-02-09 09:06:58.491,1615.131,27.6905
2021-02-09 09:06:57.449,1614.089,27.7021
2021-02-09 09:06:56.511,1613.151,27.7314
2021-02-09 09:06:55.467,1612.107,27.7056
2021-02-09 09:06:54.518,1611.158,27.6961
2021-02-09 09:06:53.475,1610.115,27.7161
2021-02-09 09:06:52.434,1609.074,27.7182
2021-02-09 09:06:51.486,1608.126,27.6995
2021-02-09 09:06:50.442,1607.082,27.6917
2021-02-09 09:06:49.510,1606.15,27.7064
2021-02-09 09:06:48.466,1605.106,27.7022
2021-02-09 09:06:46.476,1603.116,27.7084
2021-02-09 09:06:45.449,1602.089,27.7148
2021-02-09 09:06:43.452,1600.092,27.7058
2021-02-09 09:06:41.477,1598.117,27.7207
2021-02-09 09:06:40.434,1597.074,27.7156
2021-02-09 09:06:40.434,1597.074,27.7156
2021-02-09 09:06:38.443,1595.083,27.7115
2021-02-09 09:06:37.510,1594.15,27.7084
2021-02-09 09:06:36.468,1593.108,27.714
2021-02-09 09:06:35.524,1592.164,27.6963
2021-02-09 09:06:34.481,1591.121,27.6901
2021-02-09 09:06:33.439,1590.079,27.732
2021-02-09 09:06:32.502,1589.142,27.6914
2021-02-09 09:06:31.459,1588.099,27.704
2021-02-09 09:06:30.510,1587.15,27.7137
2021-02-09 09:06:29.465,1586.105,27.7158
2021-02-09 09:06:28.423,1585.063,27.727
2021-02-09 09:06:27.490,1584.13,27.7221
2021-02-09 09:06:26.439,1583.079,27.7279
2021-02-09 09:06:25.506,1582.146,27.7031
2021-02-09 09:06:24.464,1581.104,27.7125
2021-02-09 09:06:23.515,1580.155,27.7215
2021-02-09 09:06:22.487,1579.127,27.7472
2021-02-09 09:06:21.444,1578.084,27.7321
2021-02-09 09:06:20.494,1577.134,27.7331
2021-02-09 09:06:19.449,1576.089,27.7586
2021-02-09 09:06:18.512,1575.152,27.7489
2021-02-09 09:06:17.469,1574.109,27.7222
2021-02-09 09:06:16.425,1573.065,27.7436
2021-02-09 09:06:15.493,1572.133,27.7542
2021-02-09 09:06:14.445,1571.085,27.738
2021-02-09 09:06:13.513,1570.153,27.7671
2021-02-09 09:06:12.469,1569.109,27.7454
2021-02-09 09:06:11.521,1568.161,27.7439
2021-02-09 09:06:10.478,1567.118,27.7531
2021-02-09 09:06:09.435,1566.075,27.7504
2021-02-09 09:06:08.502,1565.142,27.7434
2021-02-09 09:06:07.459,1564.099,27.7718
2021-02-09 09:06:06.506,1563.146,27.765
2021-02-09 09:06:05.478,1562.118,27.7705
2021-02-09 09:06:04.436,1561.076,27.781
2021-02-09 09:06:03.486,1560.126,27.7849
2021-02-09 09:06:02.443,1559.083,27.7866
2021-02-09 09:06:01.510,1558.15,27.7722
2021-02-09 09:06:00.467,1557.107,27.7605
2021-02-09 09:05:59.519,1556.159,27.7721
2021-02-09 09:05:58.477,1555.117,27.7832
2021-02-09 09:05:57.435,1554.075,27.7825
2021-02-09 09:05:56.495,1553.135,27.7898
2021-02-09 09:05:55.450,1552.09,27.782
2021-02-09 09:05:54.513,1551.153,27.7903
2021-02-09 09:05:53.471,1550.111,27.7919
2021-02-09 09:05:52.522,1549.162,27.806
2021-02-09 09:05:51.480,1548.12,27.8081
2021-02-09 09:05:50.437,1547.077,27.7803
2021-02-09 09:05:49.505,1546.145,27.8
2021-02-09 09:05:48.463,1545.103,27.8026
2021-02-09 09:05:47.514,1544.154,27.804
2021-02-09 09:05:46.472,1543.112,27.8108
2021-02-09 09:05:45.430,1542.07,27.8143
2021-02-09 09:05:44.497,1541.137,27.8139
2021-02-09 09:05:43.455,1540.095,27.8195
2021-02-09 09:05:42.502,1539.142,27.8209
2021-02-09 09:05:41.460,1538.1,27.8137
2021-02-09 09:05:40.528,1537.168,27.7974
2021-02-09 09:05:39.483,1536.123,27.8117
2021-02-09 09:05:38.436,1535.076,27.8248
2021-02-09 09:05:37.503,1534.143,27.8058
2021-02-09 09:05:36.461,1533.101,27.8207
2021-02-09 09:05:35.512,1532.152,27.7891
2021-02-09 09:05:34.469,1531.109,27.8057
2021-02-09 09:05:33.427,1530.067,27.8212
2021-02-09 09:05:32.491,1529.131,27.8332
2021-02-09 09:05:31.448,1528.088,27.8461
2021-02-09 09:05:30.511,1527.151,27.8188
2021-02-09 09:05:29.469,1526.109,27.8093
2021-02-09 09:05:28.521,1525.161,27.8421
2021-02-09 09:05:27.478,1524.118,27.8173
2021-02-09 09:05:26.435,1523.075,27.8205
2021-02-09 09:05:25.503,1522.143,27.8053
2021-02-09 09:05:24.461,1521.101,27.8115
2021-02-09 09:05:23.511,1520.151,27.8337
2021-02-09 09:05:22.468,1519.108,27.8006
2021-02-09 09:05:21.426,1518.066,27.7979
2021-02-09 09:05:20.493,1517.133,27.8013
2021-02-09 09:05:19.450,1516.09,27.7987
2021-02-09 09:05:18.497,1515.137,27.8003
2021-02-09 09:05:17.469,1514.109,27.8107
2021-02-09 09:05:15.478,1512.118,27.8252
2021-02-09 09:05:14.436,1511.076,27.8151
2021-02-09 09:05:12.445,1509.085,27.8179
2021-02-09 09:05:12.445,1509.085,27.8179
2021-02-09 09:05:10.471,1507.111,27.8159
2021-02-09 09:05:09.522,1506.162,27.8386
2021-02-09 09:05:08.480,1505.12,27.8144
2021-02-09 09:05:07.448,1504.088,27.8331
2021-02-09 09:05:06.510,1503.15,27.8298
2021-02-09 09:05:05.466,1502.106,27.8273
2021-02-09 09:05:04.518,1501.158,27.8488
2021-02-09 09:05:03.474,1500.114,27.8391
2021-02-09 09:05:02.431,1499.071,27.8612
2021-02-09 09:05:01.498,1498.138,27.8438
2021-02-09 09:05:00.455,1497.095,27.8435
2021-02-09 09:04:59.506,1496.146,27.8828
2021-02-09 09:04:58.462,1495.102,27.8683
2021-02-09 09:04:57.529,1494.169,27.8359
2021-02-09 09:04:56.486,1493.126,27.8642
2021-02-09 09:04:55.443,1492.083,27.8557
2021-02-09 09:04:54.495,1491.135,27.8667
2021-02-09 09:04:53.464,1490.104,27.8914
2021-02-09 09:04:52.515,1489.155,27.8952
2021-02-09 09:04:51.473,1488.113,27.8854
2021-02-09 09:04:50.429,1487.069,27.8882
2021-02-09 09:04:49.621,1486.261,27.8871
2021-02-09 09:04:48.573,1485.213,27.8765
2021-02-09 09:04:47.624,1484.264,27.8781
2021-02-09 09:04:46.581,1483.221,27.9099
2021-02-09 09:04:45.539,1482.179,27.8837
2021-02-09 09:04:44.606,1481.246,27.8928
2021-02-09 09:04:43.561,1480.201,27.8704
2021-02-09 09:04:42.623,1479.263,27.8708
2021-02-09 09:04:41.580,1478.22,27.8726
2021-02-09 09:04:40.630,1477.27,27.8538
2021-02-09 09:04:39.604,1476.244,27.8867
2021-02-09 09:04:38.562,1475.202,27.8511
2021-02-09 09:04:37.614,1474.254,27.8633
2021-02-09 09:04:36.579,1473.219,27.8504
2021-02-09 09:04:35.626,1472.266,27.8634
2021-02-09 09:04:34.583,1471.223,27.8692
2021-02-09 09:04:33.542,1470.182,27.8809
2021-02-09 09:04:32.609,1469.249,27.8601
2021-02-09 09:04:31.567,1468.207,27.8445
2021-02-09 09:04:30.630,1467.27,27.8836
2021-02-09 09:04:29.587,1466.227,27.8402
2021-02-09 09:04:28.639,1465.279,27.8427
2021-02-09 09:04:27.597,1464.237,27.8717
2021-02-09 09:04:26.554,1463.194,27.8577
2021-02-09 09:04:25.621,1462.261,27.8611
2021-02-09 09:04:24.579,1461.219,27.8336
2021-02-09 09:04:23.631,1460.271,27.8433
2021-02-09 09:04:22.589,1459.229,27.8475
2021-02-09 09:04:21.546,1458.186,27.8506
2021-02-09 09:04:20.598,1457.238,27.8452
2021-02-09 09:04:19.557,1456.197,27.8332
2021-02-09 09:04:18.630,1455.27,27.8523
2021-02-09 09:04:17.574,1454.214,27.8246
2021-02-09 09:04:16.548,1453.188,27.8417
2021-02-09 09:04:15.599,1452.239,27.8265
2021-02-09 09:04:14.557,1451.197,27.8026
2021-02-09 09:04:13.608,1450.248,27.8148
2021-02-09 09:04:12.567,1449.207,27.807
2021-02-09 09:04:11.633,1448.273,27.7801
2021-02-09 09:04:10.591,1447.231,27.7343
2021-02-09 09:04:09.549,1446.189,27.7763
2021-02-09 09:04:08.600,1445.24,27.7344
2021-02-09 09:04:07.558,1444.198,27.7447
2021-02-09 09:04:06.630,1443.27,27.7403
2021-02-09 09:04:05.587,1442.227,27.734
2021-02-09 09:04:04.639,1441.279,27.7237
2021-02-09 09:04:03.596,1440.236,27.7268
2021-02-09 09:04:02.553,1439.193,27.6767
2021-02-09 09:04:01.620,1438.26,27.6537
2021-02-09 09:04:00.578,1437.218,27.6529
2021-02-09 09:03:59.536,1436.176,27.6506
2021-02-09 09:03:58.587,1435.227,27.6032
2021-02-09 09:03:57.545,1434.185,27.6142
2021-02-09 09:03:56.597,1433.237,27.5692
2021-02-09 09:03:55.569,1432.209,27.5534
2021-02-09 09:03:54.521,1431.161,27.5814
2021-02-09 09:03:53.584,1430.224,27.5325
2021-02-09 09:03:52.542,1429.182,27.5457
2021-02-09 09:03:50.548,1427.188,27.4855
2021-02-09 09:03:48.573,1425.213,27.436
2021-02-09 09:03:47.525,1424.165,27.4388
2021-02-09 09:03:45.549,1422.189,27.3565
2021-02-09 09:03:44.601,1421.241,27.3885
2021-02-09 09:03:43.559,1420.199,27.3368
2021-02-09 09:03:42.517,1419.157,27.3161
2021-02-09 09:03:41.579,1418.219,27.3124
2021-02-09 09:03:40.692,1417.332,27.282
2021-02-09 09:03:39.603,1416.243,27.2829
2021-02-09 09:03:38.561,1415.201,27.3038
2021-02-09 09:03:37.598,1414.238,27.2325
2021-02-09 09:03:36.556,1413.196,27.2301
2021-02-09 09:03:35.614,1412.254,27.2419
2021-02-09 09:03:34.570,1411.21,27.1606
2021-02-09 09:03:33.528,1410.168,27.199
2021-02-09 09:03:32.595,1409.235,27.1614
2021-02-09 09:03:31.553,1408.193,27.1637
2021-02-09 09:03:30.604,1407.244,27.163
2021-02-09 09:03:29.573,1406.213,27.1038
2021-02-09 09:03:28.530,1405.17,27.0983
2021-02-09 09:03:27.582,1404.222,27.1126
2021-02-09 09:03:26.538,1403.178,27.087
2021-02-09 09:03:25.606,1402.246,27.0825
2021-02-09 09:03:24.562,1401.202,27.0561
2021-02-09 09:03:23.614,1400.254,27.0889
2021-02-09 09:03:22.570,1399.21,27.0655
2021-02-09 09:03:21.528,1398.168,27.0146
2021-02-09 09:03:20.595,1397.235,26.9752
2021-02-09 09:03:19.552,1396.192,26.9805
2021-02-09 09:03:18.603,1395.243,27.0317
2021-02-09 09:03:17.573,1394.213,27.0298
2021-02-09 09:03:16.520,1393.16,26.9849
2021-02-09 09:03:15.586,1392.226,27.0198
2021-02-09 09:03:14.544,1391.184,27.1233
2021-02-09 09:03:13.597,1390.237,27.052
2021-02-09 09:03:12.554,1389.194,27.0254
2021-02-09 09:03:11.523,1388.163,27.0936
2021-02-09 09:03:10.575,1387.215,27.3088
2021-02-09 09:03:09.533,1386.173,27.6236
2021-02-09 09:03:08.584,1385.224,27.972
2021-02-09 09:03:07.557,1384.197,28.5305
2021-02-09 09:03:06.515,1383.155,28.5477
2021-02-09 09:03:05.571,1382.211,28.5608
2021-02-09 09:03:04.524,1381.164,28.5726
2021-02-09 09:03:03.575,1380.215,28.5785
2021-02-09 09:03:02.533,1379.173,28.5938
2021-02-09 09:03:01.490,1378.13,28.6111
2021-02-09 09:03:00.557,1377.197,28.6175
2021-02-09 09:02:59.515,1376.155,28.6323
2021-02-09 09:02:58.570,1375.21,28.6445
2021-02-09 09:02:57.528,1374.168,28.6496
2021-02-09 09:02:56.486,1373.126,28.6655
2021-02-09 09:02:55.553,1372.193,28.6801
2021-02-09 09:02:54.512,1371.152,28.689
2021-02-09 09:02:53.559,1370.199,28.7034
2021-02-09 09:02:52.527,1369.167,28.716
2021-02-09 09:02:51.485,1368.125,28.7171
2021-02-09 09:02:50.536,1367.176,28.7383
2021-02-09 09:02:49.494,1366.134,28.7539
2021-02-09 09:02:48.560,1365.2,28.7641
2021-02-09 09:02:47.518,1364.158,28.7828
2021-02-09 09:02:46.565,1363.205,28.792
2021-02-09 09:02:45.538,1362.178,28.804
2021-02-09 09:02:44.481,1361.121,28.8153
2021-02-09 09:02:43.547,1360.187,28.828
2021-02-09 09:02:42.504,1359.144,28.8352
2021-02-09 09:02:41.572,1358.212,28.8612
2021-02-09 09:02:40.530,1357.17,28.8703
2021-02-09 09:02:39.483,1356.123,28.8767
2021-02-09 09:02:38.534,1355.174,28.8877
2021-02-09 09:02:37.491,1354.131,28.8993
2021-02-09 09:02:36.558,1353.198,28.9107
2021-02-09 09:02:35.510,1352.15,28.9253
2021-02-09 09:02:34.577,1351.217,28.9295
2021-02-09 09:02:33.535,1350.175,28.9469
2021-02-09 09:02:32.493,1349.133,28.9636
2021-02-09 09:02:31.545,1348.185,28.9721
2021-02-09 09:02:30.503,1347.143,28.9884
2021-02-09 09:02:29.461,1346.101,28.9954
2021-02-09 09:02:28.529,1345.169,29.0112
2021-02-09 09:02:27.482,1344.122,29.0171
2021-02-09 09:02:26.533,1343.173,29.0294
2021-02-09 09:02:25.504,1342.144,29.0406
2021-02-09 09:02:24.554,1341.194,29.06
2021-02-09 09:02:23.508,1340.148,29.0704
2021-02-09 09:02:22.466,1339.106,29.0852
2021-02-09 09:02:21.533,1338.173,29.0966
2021-02-09 09:02:20.491,1337.131,29.1109
2021-02-09 09:02:19.541,1336.181,29.121
2021-02-09 09:02:18.498,1335.138,29.1359
2021-02-09 09:02:17.456,1334.096,29.1438
2021-02-09 09:02:16.522,1333.162,29.1524
2021-02-09 09:02:15.487,1332.127,29.1668
2021-02-09 09:02:14.540,1331.18,29.1771
2021-02-09 09:02:13.496,1330.136,29.1911
2021-02-09 09:02:12.553,1329.193,29.1951
2021-02-09 09:02:11.511,1328.151,29.2169
2021-02-09 09:02:10.469,1327.109,29.2322
2021-02-09 09:02:09.533,1326.173,29.2404
2021-02-09 09:02:08.491,1325.131,29.2553
2021-02-09 09:02:06.499,1323.139,29.2693
2021-02-09 09:02:05.456,1322.096,29.2902
2021-02-09 09:02:03.478,1320.118,29.3146
2021-02-09 09:02:01.499,1318.139,29.3393
2021-02-09 09:02:00.550,1317.19,29.3471
2021-02-09 09:01:59.508,1316.148,29.3676
2021-02-09 09:01:58.466,1315.106,29.3764
2021-02-09 09:01:57.534,1314.174,29.3895
2021-02-09 09:01:56.488,1313.128,29.4053
2021-02-09 09:01:55.540,1312.18,29.4127
2021-02-09 09:01:54.498,1311.138,29.4281
2021-02-09 09:01:53.455,1310.095,29.4368
2021-02-09 09:01:52.523,1309.163,29.4546
2021-02-09 09:01:51.486,1308.126,29.4654
2021-02-09 09:01:50.533,1307.173,29.4777
2021-02-09 09:01:49.491,1306.131,29.4885
2021-02-09 09:01:48.558,1305.198,29.5009
2021-02-09 09:01:47.516,1304.156,29.5172
2021-02-09 09:01:46.474,1303.114,29.5262
2021-02-09 09:01:45.526,1302.166,29.5433
2021-02-09 09:01:44.483,1301.123,29.5611
2021-02-09 09:01:43.441,1300.081,29.5798
2021-02-09 09:01:42.508,1299.148,29.5806
2021-02-09 09:01:41.466,1298.106,29.5938
2021-02-09 09:01:40.518,1297.158,29.606
2021-02-09 09:01:39.485,1296.125,29.6185
2021-02-09 09:01:38.532,1295.172,29.6302
2021-02-09 09:01:37.490,1294.13,29.6472
2021-02-09 09:01:36.446,1293.086,29.66
2021-02-09 09:01:35.512,1292.152,29.6706
2021-02-09 09:01:34.470,1291.11,29.6883
2021-02-09 09:01:33.522,1290.162,29.6975
2021-02-09 09:01:32.479,1289.119,29.7133
2021-02-09 09:01:31.437,1288.077,29.7285
2021-02-09 09:01:30.503,1287.143,29.7376
2021-02-09 09:01:29.460,1286.1,29.7508
2021-02-09 09:01:28.526,1285.166,29.7629
2021-02-09 09:01:27.480,1284.12,29.7787
2021-02-09 09:01:26.542,1283.182,29.7927
2021-02-09 09:01:25.500,1282.14,29.799
2021-02-09 09:01:24.456,1281.096,29.8145
2021-02-09 09:01:23.508,1280.148,29.8361
2021-02-09 09:01:22.464,1279.104,29.8472
2021-02-09 09:01:21.532,1278.172,29.8548
2021-02-09 09:01:20.490,1277.13,29.8732
2021-02-09 09:01:19.447,1276.087,29.8873
2021-02-09 09:01:18.511,1275.151,29.8936
2021-02-09 09:01:17.470,1274.11,29.9065
2021-02-09 09:01:16.520,1273.16,29.9229
2021-02-09 09:01:15.477,1272.117,29.9355
2021-02-09 09:01:14.539,1271.179,29.9409
2021-02-09 09:01:13.495,1270.135,29.9591
2021-02-09 09:01:12.452,1269.092,29.983
2021-02-09 09:01:11.519,1268.159,29.9944
2021-02-09 09:01:10.473,1267.113,30.0016
2021-02-09 09:01:09.525,1266.165,30.0209
2021-02-09 09:01:08.483,1265.123,30.027
2021-02-09 09:01:07.441,1264.081,30.0428
2021-02-09 09:01:06.508,1263.148,30.0616
2021-02-09 09:01:05.465,1262.105,30.0653
2021-02-09 09:01:04.516,1261.156,30.084
2021-02-09 09:01:03.473,1260.113,30.095
2021-02-09 09:01:02.536,1259.176,30.1034
2021-02-09 09:01:01.492,1258.132,30.1242
2021-02-09 09:01:00.450,1257.09,30.142
2021-02-09 09:00:59.514,1256.154,30.153
2021-02-09 09:00:58.472,1255.112,30.1697
2021-02-09 09:00:57.522,1254.162,30.1837
2021-02-09 09:00:56.489,1253.129,30.1909
2021-02-09 09:00:55.446,1252.086,30.2032
2021-02-09 09:00:54.511,1251.151,30.2249
2021-02-09 09:00:53.467,1250.107,30.232
2021-02-09 09:00:52.425,1249.065,30.2482
2021-02-09 09:00:51.475,1248.115,30.2612
2021-02-09 09:00:50.445,1247.085,30.2759
2021-02-09 09:00:49.491,1246.131,30.2928
2021-02-09 09:00:48.449,1245.089,30.3017
2021-02-09 09:00:47.516,1244.156,30.3147
2021-02-09 09:00:46.474,1243.114,30.3319
2021-02-09 09:00:45.431,1242.071,30.3419
2021-02-09 09:00:44.483,1241.123,30.3569
2021-02-09 09:00:43.441,1240.081,30.3647
2021-02-09 09:00:42.508,1239.148,30.3908
2021-02-09 09:00:41.466,1238.106,30.391
2021-02-09 09:00:40.424,1237.064,30.407
2021-02-09 09:00:39.475,1236.115,30.42
2021-02-09 09:00:38.438,1235.078,30.4345
2021-02-09 09:00:37.500,1234.14,30.4467
2021-02-09 09:00:36.458,1233.098,30.4594
2021-02-09 09:00:35.519,1232.159,30.4789
2021-02-09 09:00:34.477,1231.117,30.4927
2021-02-09 09:00:33.434,1230.074,30.5067
2021-02-09 09:00:32.485,1229.125,30.5192
2021-02-09 09:00:31.444,1228.084,30.5296
2021-02-09 09:00:30.511,1227.151,30.5521
2021-02-09 09:00:29.469,1226.109,30.5644
2021-02-09 09:00:28.427,1225.067,30.5775
2021-02-09 09:00:26.432,1223.072,30.6118
2021-02-09 09:00:24.451,1221.091,30.6426
2021-02-09 09:00:23.519,1220.159,30.6523
2021-02-09 09:00:22.476,1219.116,30.6768
2021-02-09 09:00:21.432,1218.072,30.6793
2021-02-09 09:00:20.484,1217.124,30.6971
2021-02-09 09:00:19.442,1216.082,30.7156
2021-02-09 09:00:18.509,1215.149,30.73
2021-02-09 09:00:17.467,1214.107,30.7403
2021-02-09 09:00:16.425,1213.065,30.7581
2021-02-09 09:00:15.476,1212.116,30.7692
2021-02-09 09:00:14.433,1211.073,30.7821
2021-02-09 09:00:13.495,1210.135,30.797
2021-02-09 09:00:12.452,1209.092,30.8116
2021-02-09 09:00:11.519,1208.159,30.8364
2021-02-09 09:00:10.476,1207.116,30.8467
2021-02-09 09:00:09.433,1206.073,30.8623
2021-02-09 09:00:08.485,1205.125,30.8757
2021-02-09 09:00:07.441,1204.081,30.8855
2021-02-09 09:00:06.509,1203.149,30.8976
2021-02-09 09:00:05.467,1202.107,30.9214
2021-02-09 09:00:04.425,1201.065,30.9303
2021-02-09 09:00:03.476,1200.116,30.9467
2021-02-09 09:00:02.433,1199.073,30.962
2021-02-09 09:00:01.493,1198.133,30.9728
2021-02-09 09:00:00.462,1197.102,30.9872
2021-02-09 08:59:59.420,1196.06,31.0031
2021-02-09 08:59:58.470,1195.11,31.0217
2021-02-09 08:59:57.421,1194.061,31.0327
2021-02-09 08:59:56.488,1193.128,31.0529
2021-02-09 08:59:55.441,1192.081,31.0687
2021-02-09 08:59:54.399,1191.039,31.0774
2021-02-09 08:59:53.466,1190.106,31.0911
2021-02-09 08:59:52.424,1189.064,31.1058
2021-02-09 08:59:51.476,1188.116,31.1201
2021-02-09 08:59:50.432,1187.072,31.1369
2021-02-09 08:59:49.491,1186.131,31.1544
2021-02-09 08:59:48.459,1185.099,31.1684
2021-02-09 08:59:47.417,1184.057,31.1867
2021-02-09 08:59:46.469,1183.109,31.1866
2021-02-09 08:59:45.427,1182.067,31.2078
2021-02-09 08:59:44.385,1181.025,31.223
2021-02-09 08:59:43.437,1180.077,31.2433
2021-02-09 08:59:42.394,1179.034,31.2566
2021-02-09 08:59:41.461,1178.101,31.2667
2021-02-09 08:59:40.417,1177.057,31.2829
2021-02-09 08:59:39.469,1176.109,31.3075
2021-02-09 08:59:38.426,1175.066,31.3181
2021-02-09 08:59:37.399,1174.039,31.3341
2021-02-09 08:59:36.458,1173.098,31.3481
2021-02-09 08:59:35.402,1172.042,31.361
2021-02-09 08:59:34.468,1171.108,31.3767
2021-02-09 08:59:33.425,1170.065,31.3908
2021-02-09 08:59:32.382,1169.022,31.4062
2021-02-09 08:59:31.449,1168.089,31.4201
2021-02-09 08:59:30.407,1167.047,31.4368
2021-02-09 08:59:29.458,1166.098,31.4501
2021-02-09 08:59:28.416,1165.056,31.4648
2021-02-09 08:59:27.468,1164.108,31.4786
2021-02-09 08:59:26.426,1163.066,31.4951
2021-02-09 08:59:25.392,1162.032,31.5096
2021-02-09 08:59:24.444,1161.084,31.5263
2021-02-09 08:59:23.412,1160.052,31.5494
2021-02-09 08:59:22.464,1159.104,31.5553
2021-02-09 08:59:21.422,1158.062,31.5729
2021-02-09 08:59:20.380,1157.02,31.5885
2021-02-09 08:59:19.448,1156.088,31.6074
2021-02-09 08:59:18.405,1155.045,31.6226
2021-02-09 08:59:17.456,1154.096,31.6359
2021-02-09 08:59:16.414,1153.054,31.6451
2021-02-09 08:59:15.466,1152.106,31.6602
2021-02-09 08:59:14.423,1151.063,31.672
2021-02-09 08:59:13.397,1150.037,31.6921
2021-02-09 08:59:12.446,1149.086,31.717
2021-02-09 08:59:11.414,1148.054,31.7242
2021-02-09 08:59:10.467,1147.107,31.7411
2021-02-09 08:59:09.424,1146.064,31.7628
2021-02-09 08:59:08.476,1145.116,31.7754
2021-02-09 08:59:07.434,1144.074,31.7879
2021-02-09 08:59:06.392,1143.032,31.8052
2021-02-09 08:59:05.459,1142.099,31.819
2021-02-09 08:59:04.416,1141.056,31.8317
2021-02-09 08:59:03.468,1140.108,31.8501
2021-02-09 08:59:02.426,1139.066,31.8695
2021-02-09 08:59:01.384,1138.024,31.883
2021-02-09 08:59:00.451,1137.091,31.8977
2021-02-09 08:58:59.409,1136.049,31.915
2021-02-09 08:58:58.456,1135.096,31.9299
2021-02-09 08:58:57.414,1134.054,31.9409
2021-02-09 08:58:56.481,1133.121,31.9537
2021-02-09 08:58:55.439,1132.079,31.9743
2021-02-09 08:58:54.396,1131.036,31.9947
2021-02-09 08:58:53.448,1130.088,32.009
2021-02-09 08:58:52.406,1129.046,32.0256
2021-02-09 08:58:50.431,1127.071,32.0551
2021-02-09 08:58:49.389,1126.029,32.0765
2021-02-09 08:58:47.398,1124.038,32.1045
2021-02-09 08:58:45.419,1122.059,32.1362
2021-02-09 08:58:44.486,1121.126,32.1603
2021-02-09 08:58:43.444,1120.084,32.1681
2021-02-09 08:58:42.402,1119.042,32.1759
2021-02-09 08:58:41.446,1118.086,32.2024
2021-02-09 08:58:40.419,1117.059,32.2167
2021-02-09 08:58:39.471,1116.111,32.2452
2021-02-09 08:58:38.429,1115.069,32.2546
2021-02-09 08:58:37.480,1114.12,32.2727
2021-02-09 08:58:36.430,1113.07,32.2909
2021-02-09 08:58:35.383,1112.023,32.3137
2021-02-09 08:58:34.445,1111.085,32.3283
2021-02-09 08:58:33.403,1110.043,32.345
2021-02-09 08:58:32.455,1109.095,32.362
2021-02-09 08:58:31.413,1108.053,32.3837
2021-02-09 08:58:30.481,1107.121,32.3913
2021-02-09 08:58:29.433,1106.073,32.4085
2021-02-09 08:58:28.391,1105.031,32.4358
2021-02-09 08:58:27.443,1104.083,32.4483
2021-02-09 08:58:26.401,1103.041,32.4742
2021-02-09 08:58:25.468,1102.108,32.4909
2021-02-09 08:58:24.426,1101.066,32.5062
2021-02-09 08:58:23.384,1100.024,32.5186
2021-02-09 08:58:22.431,1099.071,32.5367
2021-02-09 08:58:21.389,1098.029,32.5627
2021-02-09 08:58:20.456,1097.096,32.5725
2021-02-09 08:58:19.414,1096.054,32.5985
2021-02-09 08:58:18.467,1095.107,32.6141
2021-02-09 08:58:17.434,1094.074,32.6336
2021-02-09 08:58:16.392,1093.032,32.6463
2021-02-09 08:58:15.443,1092.083,32.6631
2021-02-09 08:58:14.401,1091.041,32.6836
2021-02-09 08:58:13.468,1090.108,32.7057
2021-02-09 08:58:12.427,1089.067,32.7171
2021-02-09 08:58:11.485,1088.125,32.7403
2021-02-09 08:58:10.431,1087.071,32.7568
2021-02-09 08:58:09.389,1086.029,32.7665
2021-02-09 08:58:08.456,1085.096,32.7907
2021-02-09 08:58:07.414,1084.054,32.8128
2021-02-09 08:58:06.460,1083.1,32.8193
2021-02-09 08:58:05.423,1082.063,32.8359
2021-02-09 08:58:04.381,1081.021,32.8549
2021-02-09 08:58:03.448,1080.088,32.8702
2021-02-09 08:58:02.406,1079.046,32.8931
2021-02-09 08:58:01.457,1078.097,32.9121
2021-02-09 08:58:00.415,1077.055,32.9248
2021-02-09 08:57:59.473,1076.113,32.9506
2021-02-09 08:57:58.427,1075.067,32.9687
2021-02-09 08:57:57.400,1074.04,32.9795
2021-02-09 08:57:56.451,1073.091,33.0003
2021-02-09 08:57:55.409,1072.049,33.0164
2021-02-09 08:57:54.461,1071.101,33.0311
2021-02-09 08:57:53.434,1070.074,33.0648
2021-02-09 08:57:52.392,1069.032,33.0762
2021-02-09 08:57:51.444,1068.084,33.0928
2021-02-09 08:57:50.402,1067.042,33.1149
2021-02-09 08:57:49.453,1066.093,33.1297
2021-02-09 08:57:48.411,1065.051,33.1464
2021-02-09 08:57:47.471,1064.111,33.1703
2021-02-09 08:57:46.439,1063.079,33.1898
2021-02-09 08:57:45.397,1062.037,33.2084
2021-02-09 08:57:44.448,1061.088,33.2312
2021-02-09 08:57:43.406,1060.046,33.2424
2021-02-09 08:57:42.474,1059.114,33.259
2021-02-09 08:57:41.432,1058.072,33.2766
2021-02-09 08:57:40.380,1057.02,33.3026
2021-02-09 08:57:39.446,1056.086,33.3294
2021-02-09 08:57:38.403,1055.043,33.3442
2021-02-09 08:57:37.455,1054.095,33.3593
2021-02-09 08:57:36.413,1053.053,33.3839
2021-02-09 08:57:35.472,1052.112,33.3903
2021-02-09 08:57:34.430,1051.07,33.4204
2021-02-09 08:57:33.399,1050.039,33.4382
2021-02-09 08:57:32.450,1049.09,33.4629
2021-02-09 08:57:31.408,1048.048,33.4794
2021-02-09 08:57:30.460,1047.1,33.4946
2021-02-09 08:57:29.418,1046.058,33.5169
2021-02-09 08:57:28.383,1045.023,33.5375
2021-02-09 08:57:27.450,1044.09,33.5602
2021-02-09 08:57:26.408,1043.048,33.5765
2021-02-09 08:57:25.459,1042.099,33.6054
2021-02-09 08:57:24.417,1041.057,33.6213
2021-02-09 08:57:23.469,1040.109,33.6385
2021-02-09 08:57:22.443,1039.083,33.6526
2021-02-09 08:57:21.396,1038.036,33.6787
2021-02-09 08:57:20.447,1037.087,33.6961
2021-02-09 08:57:19.405,1036.045,33.7106
2021-02-09 08:57:18.472,1035.112,33.727
2021-02-09 08:57:17.428,1034.068,33.7652
2021-02-09 08:57:16.386,1033.026,33.7865
2021-02-09 08:57:15.437,1032.077,33.8047
2021-02-09 08:57:14.395,1031.035,33.8233
2021-02-09 08:57:13.462,1030.102,33.8448
2021-02-09 08:57:12.420,1029.06,33.8631
2021-02-09 08:57:10.436,1027.076,33.8991
2021-02-09 08:57:09.394,1026.034,33.9236
2021-02-09 08:57:07.414,1024.054,33.9611
2021-02-09 08:57:05.424,1022.064,34.0083
2021-02-09 08:57:04.383,1021.023,34.0309
2021-02-09 08:57:02.408,1019.048,34.072
2021-02-09 08:57:01.459,1018.099,34.0929
2021-02-09 08:57:00.417,1017.057,34.1185
2021-02-09 08:56:59.469,1016.109,34.1308
2021-02-09 08:56:58.427,1015.067,34.1568
2021-02-09 08:56:57.384,1014.024,34.1741
2021-02-09 08:56:56.447,1013.087,34.195
2021-02-09 08:56:55.405,1012.045,34.2166
2021-02-09 08:56:54.472,1011.112,34.2404
2021-02-09 08:56:53.429,1010.069,34.2557
2021-02-09 08:56:52.387,1009.027,34.2784
2021-02-09 08:56:51.445,1008.085,34.304
2021-02-09 08:56:50.403,1007.043,34.3171
2021-02-09 08:56:49.455,1006.095,34.3394
2021-02-09 08:56:48.413,1005.053,34.3561
2021-02-09 08:56:47.465,1004.105,34.3861
2021-02-09 08:56:46.434,1003.074,34.408
2021-02-09 08:56:45.392,1002.032,34.4306
2021-02-09 08:56:44.439,1001.079,34.4483
2021-02-09 08:56:43.396,1000.036,34.4699
2021-02-09 08:56:42.464,999.104,34.4972
2021-02-09 08:56:41.422,998.062,34.5044
2021-02-09 08:56:40.482,997.122,34.5364
2021-02-09 08:56:39.432,996.072,34.5511
2021-02-09 08:56:38.389,995.029,34.5725
2021-02-09 08:56:37.456,994.096,34.5772
2021-02-09 08:56:36.413,993.053,34.605
2021-02-09 08:56:35.475,992.115,34.6365
2021-02-09 08:56:34.433,991.073,34.6519
2021-02-09 08:56:33.388,990.028,34.6909
2021-02-09 08:56:32.450,989.09,34.6971
2021-02-09 08:56:31.408,988.048,34.7252
2021-02-09 08:56:30.460,987.1,34.7444
2021-02-09 08:56:29.418,986.058,34.7753
2021-02-09 08:56:28.485,985.125,34.7902
2021-02-09 08:56:27.442,984.082,34.8175
2021-02-09 08:56:26.400,983.04,34.8345
2021-02-09 08:56:25.451,982.091,34.8495
2021-02-09 08:56:24.408,981.048,34.8761
2021-02-09 08:56:23.476,980.116,34.9023
2021-02-09 08:56:22.433,979.073,34.9199
2021-02-09 08:56:21.385,978.025,34.9402
2021-02-09 08:56:20.447,977.087,34.9637
2021-02-09 08:56:19.405,976.045,34.9995
2021-02-09 08:56:18.457,975.097,35.0202
2021-02-09 08:56:17.415,974.055,35.0368
2021-02-09 08:56:16.482,973.122,35.0418
2021-02-09 08:56:15.440,972.08,35.0724
2021-02-09 08:56:14.398,971.038,35.103
2021-02-09 08:56:13.449,970.089,35.1369
2021-02-09 08:56:12.408,969.048,35.1407
2021-02-09 08:56:11.475,968.115,35.1472
2021-02-09 08:56:10.433,967.073,35.1765
2021-02-09 08:56:09.389,966.029,35.2299
2021-02-09 08:56:08.451,965.091,35.253
2021-02-09 08:56:07.409,964.049,35.2443
2021-02-09 08:56:06.461,963.101,35.24
2021-02-09 08:56:05.419,962.059,35.3034
2021-02-09 08:56:04.471,961.111,35.3602
2021-02-09 08:56:03.429,960.069,35.5664
2021-02-09 08:56:02.402,959.042,36.065
2021-02-09 08:56:01.454,958.094,36.1415
2021-02-09 08:56:00.411,957.051,36.2032
2021-02-09 08:55:59.463,956.103,36.3328
2021-02-09 08:55:58.436,955.076,36.3834
2021-02-09 08:55:57.384,954.024,36.5534
2021-02-09 08:55:56.447,953.087,36.6941
2021-02-09 08:55:55.405,952.045,36.7117
2021-02-09 08:55:54.456,951.096,36.7327
2021-02-09 08:55:53.414,950.054,36.7483
2021-02-09 08:55:52.388,949.028,36.752
2021-02-09 08:55:51.439,948.079,36.7665
2021-02-09 08:55:50.397,947.037,36.7876
2021-02-09 08:55:49.449,946.089,36.7949
2021-02-09 08:55:48.406,945.046,36.8196
2021-02-09 08:55:47.473,944.113,36.8268
2021-02-09 08:55:46.431,943.071,36.8447
2021-02-09 08:55:45.383,942.023,36.8541
2021-02-09 08:55:44.457,941.097,36.8724
2021-02-09 08:55:43.403,940.043,36.8879
2021-02-09 08:55:42.470,939.11,36.9047
2021-02-09 08:55:41.428,938.068,36.925
2021-02-09 08:55:40.386,937.026,36.9356
2021-02-09 08:55:39.437,936.077,36.9473
2021-02-09 08:55:38.401,935.041,36.9687
2021-02-09 08:55:37.452,934.092,36.9869
2021-02-09 08:55:36.410,933.05,36.9959
2021-02-09 08:55:35.476,932.116,37.0113
2021-02-09 08:55:34.434,931.074,37.0319
2021-02-09 08:55:33.391,930.031,37.0454
2021-02-09 08:55:32.456,929.096,37.0574
2021-02-09 08:55:31.409,928.049,37.0762
2021-02-09 08:55:29.419,926.059,37.1174
2021-02-09 08:55:28.376,925.016,37.1194
2021-02-09 08:55:26.400,923.04,37.1634
2021-02-09 08:55:24.409,921.049,37.1918
2021-02-09 08:55:23.477,920.117,37.2004
2021-02-09 08:55:22.435,919.075,37.2215
2021-02-09 08:55:21.393,918.033,37.2422
2021-02-09 08:55:20.453,917.093,37.2515
2021-02-09 08:55:19.407,916.047,37.2838
2021-02-09 08:55:18.474,915.114,37.2915
2021-02-09 08:55:17.431,914.071,37.3013
2021-02-09 08:55:16.389,913.029,37.3144
2021-02-09 08:55:15.440,912.08,37.3299
2021-02-09 08:55:14.398,911.038,37.3574
2021-02-09 08:55:13.465,910.105,37.3619
2021-02-09 08:55:12.422,909.062,37.3877
2021-02-09 08:55:11.474,908.114,37.3985
2021-02-09 08:55:10.431,907.071,37.4234
2021-02-09 08:55:09.387,906.027,37.4381
2021-02-09 08:55:08.452,905.092,37.452
2021-02-09 08:55:07.410,904.05,37.4664
2021-02-09 08:55:06.472,903.112,37.4794
2021-02-09 08:55:05.429,902.069,37.5046
2021-02-09 08:55:04.387,901.027,37.517
2021-02-09 08:55:03.439,900.079,37.5343
2021-02-09 08:55:02.396,899.036,37.5517
2021-02-09 08:55:01.461,898.101,37.5668
2021-02-09 08:55:00.418,897.058,37.5877
2021-02-09 08:54:59.469,896.109,37.5962
2021-02-09 08:54:58.426,895.066,37.6215
2021-02-09 08:54:57.400,894.04,37.632
2021-02-09 08:54:56.451,893.091,37.6551
2021-02-09 08:54:55.409,892.049,37.6675
2021-02-09 08:54:54.471,891.111,37.6949
2021-02-09 08:54:53.429,890.069,37.7054
2021-02-09 08:54:52.387,889.027,37.7179
2021-02-09 08:54:51.438,888.078,37.7503
2021-02-09 08:54:50.395,887.035,37.7599
2021-02-09 08:54:49.461,886.101,37.7703
2021-02-09 08:54:48.419,885.059,37.7945
2021-02-09 08:54:47.470,884.11,37.8201
2021-02-09 08:54:46.427,883.067,37.8392
2021-02-09 08:54:45.385,882.025,37.8547
2021-02-09 08:54:44.452,881.092,37.8601
2021-02-09 08:54:43.410,880.05,37.8775
2021-02-09 08:54:42.473,879.113,37.9063
2021-02-09 08:54:41.431,878.071,37.9201
2021-02-09 08:54:40.389,877.029,37.9389
2021-02-09 08:54:39.440,876.08,37.9643
2021-02-09 08:54:38.398,875.038,37.9625
2021-02-09 08:54:37.457,874.097,37.9945
2021-02-09 08:54:36.415,873.055,38.013
2021-02-09 08:54:35.476,872.116,38.0385
2021-02-09 08:54:34.433,871.073,38.0433
2021-02-09 08:54:33.390,870.03,38.0607
2021-02-09 08:54:32.457,869.097,38.0803
2021-02-09 08:54:31.414,868.054,38.1086
2021-02-09 08:54:30.461,867.101,38.1191
2021-02-09 08:54:29.418,866.058,38.1251
2021-02-09 08:54:28.390,865.03,38.1583
2021-02-09 08:54:27.441,864.081,38.1703
2021-02-09 08:54:26.397,863.037,38.1951
2021-02-09 08:54:25.449,862.089,38.2112
2021-02-09 08:54:24.422,861.062,38.2244
2021-02-09 08:54:23.471,860.111,38.2494
2021-02-09 08:54:22.427,859.067,38.2689
2021-02-09 08:54:21.386,858.026,38.2882
2021-02-09 08:54:20.451,857.091,38.3046
2021-02-09 08:54:19.407,856.047,38.3179
2021-02-09 08:54:18.470,855.11,38.3428
2021-02-09 08:54:17.425,854.065,38.3625
2021-02-09 08:54:16.383,853.023,38.3825
2021-02-09 08:54:15.434,852.074,38.3921
2021-02-09 08:54:14.406,851.046,38.4215
2021-02-09 08:54:13.457,850.097,38.4455
2021-02-09 08:54:12.414,849.054,38.4509
2021-02-09 08:54:11.479,848.119,38.4813
2021-02-09 08:54:10.438,847.078,38.5032
2021-02-09 08:54:09.395,846.035,38.5112
2021-02-09 08:54:08.446,845.086,38.5359
2021-02-09 08:54:07.414,844.054,38.55
2021-02-09 08:54:06.461,843.101,38.5788
2021-02-09 08:54:05.418,842.058,38.5877
2021-02-09 08:54:04.391,841.031,38.6094
2021-02-09 08:54:03.442,840.082,38.6322
2021-02-09 08:54:02.399,839.039,38.6522
2021-02-09 08:54:01.450,838.09,38.6733
2021-02-09 08:54:00.408,837.048,38.6951
2021-02-09 08:53:58.430,835.07,38.7285
2021-02-09 08:53:57.387,834.027,38.7586
2021-02-09 08:53:55.411,832.051,38.7888
2021-02-09 08:53:53.427,830.067,38.8415
2021-02-09 08:53:52.383,829.023,38.8615
2021-02-09 08:53:50.406,827.046,38.8917
2021-02-09 08:53:49.458,826.098,38.9151
2021-02-09 08:53:48.412,825.052,38.9327
2021-02-09 08:53:47.479,824.119,38.961
2021-02-09 08:53:46.437,823.077,38.9918
2021-02-09 08:53:45.379,822.019,39.009
2021-02-09 08:53:44.447,821.087,39.0291
2021-02-09 08:53:43.403,820.043,39.0368
2021-02-09 08:53:42.464,819.104,39.0645
2021-02-09 08:53:41.417,818.057,39.0872
2021-02-09 08:53:40.484,817.124,39.1049
2021-02-09 08:53:39.442,816.082,39.1271
2021-02-09 08:53:38.396,815.036,39.1569
2021-02-09 08:53:37.446,814.086,39.1816
2021-02-09 08:53:36.389,813.029,39.193
2021-02-09 08:53:35.455,812.095,39.2195
2021-02-09 08:53:34.412,811.052,39.2324
2021-02-09 08:53:33.463,810.103,39.2663
2021-02-09 08:53:32.421,809.061,39.2893
2021-02-09 08:53:31.487,808.127,39.3056
2021-02-09 08:53:30.441,807.081,39.3237
2021-02-09 08:53:29.395,806.035,39.3521
2021-02-09 08:53:28.461,805.101,39.3689
2021-02-09 08:53:27.418,804.058,39.3935
2021-02-09 08:53:26.470,803.11,39.4218
2021-02-09 08:53:25.428,802.068,39.4401
2021-02-09 08:53:24.386,801.026,39.4563
2021-02-09 08:53:23.447,800.087,39.4822
2021-02-09 08:53:22.404,799.044,39.5143
2021-02-09 08:53:21.456,798.096,39.5266
2021-02-09 08:53:20.414,797.054,39.5538
2021-02-09 08:53:19.480,796.12,39.5689
2021-02-09 08:53:18.437,795.077,39.5993
2021-02-09 08:53:17.393,794.033,39.6276
2021-02-09 08:53:16.456,793.096,39.6548
2021-02-09 08:53:15.413,792.053,39.6735
2021-02-09 08:53:14.463,791.103,39.6949
2021-02-09 08:53:13.421,790.061,39.7168
2021-02-09 08:53:12.393,789.033,39.7515
2021-02-09 08:53:11.443,788.083,39.768
2021-02-09 08:53:10.400,787.04,39.7968
2021-02-09 08:53:09.466,786.106,39.7962
2021-02-09 08:53:08.423,785.063,39.8434
2021-02-09 08:53:07.474,784.114,39.8589
2021-02-09 08:53:06.431,783.071,39.891
2021-02-09 08:53:05.389,782.029,39.9053
2021-02-09 08:53:04.452,781.092,39.9338
2021-02-09 08:53:03.406,780.046,39.9643
2021-02-09 08:53:02.473,779.113,39.965
2021-02-09 08:53:01.429,778.069,40.0064
2021-02-09 08:53:00.386,777.026,40.0276
2021-02-09 08:52:59.448,776.088,40.0446
2021-02-09 08:52:58.405,775.045,40.0727
2021-02-09 08:52:57.458,774.098,40.0968
2021-02-09 08:52:56.415,773.055,40.1308
2021-02-09 08:52:55.480,772.12,40.153
2021-02-09 08:52:54.438,771.078,40.1645
2021-02-09 08:52:53.389,770.029,40.2037
2021-02-09 08:52:52.452,769.092,40.2319
2021-02-09 08:52:51.410,768.05,40.259
2021-02-09 08:52:50.460,767.1,40.2874
2021-02-09 08:52:49.417,766.057,40.4423
2021-02-09 08:52:48.468,765.108,40.4593
2021-02-09 08:52:47.440,764.08,40.4982
2021-02-09 08:52:46.396,763.036,40.6306
2021-02-09 08:52:45.447,762.087,40.6487
2021-02-09 08:52:44.405,761.045,40.7647
2021-02-09 08:52:43.473,760.113,40.8763
2021-02-09 08:52:42.430,759.07,40.8615
2021-02-09 08:52:41.378,758.018,40.9914
2021-02-09 08:52:40.440,757.08,41.0371
2021-02-09 08:52:39.394,756.034,41.075
2021-02-09 08:52:38.462,755.102,41.2298
2021-02-09 08:52:37.416,754.056,41.2909
2021-02-09 08:52:36.466,753.106,41.3899
2021-02-09 08:52:35.434,752.074,41.4396
2021-02-09 08:52:34.484,751.124,41.5482
2021-02-09 08:52:33.442,750.082,41.6817
2021-02-09 08:52:32.401,749.041,41.7174
2021-02-09 08:52:31.452,748.092,41.799
2021-02-09 08:52:30.409,747.049,41.8162
2021-02-09 08:52:28.425,745.065,41.8758
2021-02-09 08:52:26.435,743.075,42.0729
2021-02-09 08:52:25.393,742.033,42.154
2021-02-09 08:52:23.417,740.057,42.2569
2021-02-09 08:52:22.464,739.104,42.279
2021-02-09 08:52:21.419,738.059,42.2827
2021-02-09 08:52:20.485,737.125,42.3137
2021-02-09 08:52:19.443,736.083,42.3303
2021-02-09 08:52:18.400,735.04,42.349
2021-02-09 08:52:17.450,734.09,42.3676
2021-02-09 08:52:16.407,733.047,42.3798
2021-02-09 08:52:15.470,732.11,42.3906
2021-02-09 08:52:14.428,731.068,42.4188
2021-02-09 08:52:13.385,730.025,42.4293
2021-02-09 08:52:12.436,729.076,42.4466
2021-02-09 08:52:11.403,728.043,42.4726
2021-02-09 08:52:10.458,727.098,42.4784
2021-02-09 08:52:09.406,726.046,42.4998
2021-02-09 08:52:08.472,725.112,42.5224
2021-02-09 08:52:07.429,724.069,42.5397
2021-02-09 08:52:06.481,723.121,42.5554
2021-02-09 08:52:05.437,722.077,42.5872
2021-02-09 08:52:04.393,721.033,42.5986
2021-02-09 08:52:03.456,720.096,42.6224
2021-02-09 08:52:02.414,719.054,42.638
2021-02-09 08:52:01.465,718.105,42.6524
2021-02-09 08:52:00.438,717.078,42.6758
2021-02-09 08:51:59.395,716.035,42.694
2021-02-09 08:51:58.445,715.085,42.7171
2021-02-09 08:51:57.403,714.043,42.7318
2021-02-09 08:51:56.470,713.11,42.7297
2021-02-09 08:51:55.428,712.068,42.7653
2021-02-09 08:51:54.478,711.118,42.8073
2021-02-09 08:51:53.436,710.076,42.8136
2021-02-09 08:51:52.391,709.031,42.9442
2021-02-09 08:51:51.454,708.094,43.0349
2021-02-09 08:51:50.412,707.052,43.0392
2021-02-09 08:51:49.463,706.103,43.2294
2021-02-09 08:51:48.417,705.057,43.2369
2021-02-09 08:51:47.483,704.123,43.2861
2021-02-09 08:51:46.440,703.08,43.4901
2021-02-09 08:51:45.396,702.036,43.4814
2021-02-09 08:51:44.445,701.085,43.63
2021-02-09 08:51:43.403,700.043,43.7401
2021-02-09 08:51:42.470,699.11,43.7652
2021-02-09 08:51:41.427,698.067,43.9725
2021-02-09 08:51:40.487,697.127,44.0173
2021-02-09 08:51:39.446,696.086,44.056
2021-02-09 08:51:38.403,695.043,44.2748
2021-02-09 08:51:37.452,694.092,44.3004
2021-02-09 08:51:36.409,693.049,44.4039
2021-02-09 08:51:35.473,692.113,44.5779
2021-02-09 08:51:34.430,691.07,44.5816
2021-02-09 08:51:33.387,690.027,44.733
2021-02-09 08:51:32.437,689.077,44.8484
2021-02-09 08:51:31.394,688.034,44.862
2021-02-09 08:51:30.460,687.1,45.0356
2021-02-09 08:51:29.417,686.057,45.0959
2021-02-09 08:51:28.482,685.122,45.1411
2021-02-09 08:51:27.441,684.081,45.2911
2021-02-09 08:51:26.394,683.034,45.342
2021-02-09 08:51:25.444,682.084,45.4253
2021-02-09 08:51:24.402,681.042,45.5223
2021-02-09 08:51:23.469,680.109,45.6242
2021-02-09 08:51:22.427,679.067,45.6975
2021-02-09 08:51:21.479,678.119,45.7625
2021-02-09 08:51:20.451,677.091,45.8073
2021-02-09 08:51:19.408,676.048,45.8565
2021-02-09 08:51:18.459,675.099,45.9014
2021-02-09 08:51:17.417,674.057,45.8965
2021-02-09 08:51:16.485,673.125,45.9412
2021-02-09 08:51:15.447,672.087,45.9488
2021-02-09 08:51:14.391,671.031,45.949
2021-02-09 08:51:13.459,670.099,45.9619
2021-02-09 08:51:12.416,669.056,45.9608
2021-02-09 08:51:11.467,668.107,45.9714
2021-02-09 08:51:10.423,667.063,45.9965
2021-02-09 08:51:09.380,666.02,45.9931
2021-02-09 08:51:08.441,665.081,45.9862
2021-02-09 08:51:07.397,664.037,45.9949
2021-02-09 08:51:06.465,663.105,45.9991
2021-02-09 08:51:05.422,662.062,45.9904
2021-02-09 08:51:04.483,661.123,46.0047
2021-02-09 08:51:03.440,660.08,46.0057
2021-02-09 08:51:02.398,659.038,45.9991
2021-02-09 08:51:01.460,658.1,46.0024
2021-02-09 08:51:00.418,657.058,46.0128
2021-02-09 08:50:59.470,656.11,46.0332
2021-02-09 08:50:58.427,655.067,46.0183
2021-02-09 08:50:57.384,654.024,46.0248
2021-02-09 08:50:56.404,653.044,46.0299
2021-02-09 08:50:55.408,652.048,46.0163
2021-02-09 08:50:53.430,650.07,46.0292
2021-02-09 08:50:52.388,649.028,46.0403
2021-02-09 08:50:50.408,647.048,46.0481
2021-02-09 08:50:49.470,646.11,46.03
2021-02-09 08:50:48.427,645.067,46.0598
2021-02-09 08:50:47.478,644.118,46.0486
2021-02-09 08:50:46.388,643.028,46.0369
2021-02-09 08:50:45.408,642.048,46.0528
2021-02-09 08:50:44.459,641.099,46.0551
2021-02-09 08:50:43.424,640.064,46.0647
2021-02-09 08:50:42.381,639.021,46.0827
2021-02-09 08:50:41.448,638.088,46.0755
2021-02-09 08:50:40.405,637.045,46.081
2021-02-09 08:50:39.458,636.098,46.0638
2021-02-09 08:50:38.411,635.051,46.0902
2021-02-09 08:50:37.478,634.118,46.0903
2021-02-09 08:50:36.437,633.077,46.1033
2021-02-09 08:50:35.389,632.029,46.0901
2021-02-09 08:50:34.441,631.081,46.1247
2021-02-09 08:50:33.414,630.054,46.1114
2021-02-09 08:50:32.466,629.106,46.1307
2021-02-09 08:50:31.420,628.06,46.127
2021-02-09 08:50:30.378,627.018,46.1329
2021-02-09 08:50:29.445,626.085,46.1378
2021-02-09 08:50:28.403,625.043,46.1361
2021-02-09 08:50:27.454,624.094,46.1285
2021-02-09 08:50:26.413,623.053,46.1296
2021-02-09 08:50:25.475,622.115,46.1416
2021-02-09 08:50:24.433,621.073,46.137
2021-02-09 08:50:23.390,620.03,46.1462
2021-02-09 08:50:22.442,619.082,46.1419
2021-02-09 08:50:21.400,618.04,46.15
2021-02-09 08:50:20.467,617.107,46.131
2021-02-09 08:50:19.418,616.058,46.14
2021-02-09 08:50:18.376,615.016,46.1302
2021-02-09 08:50:17.443,614.083,46.1418
2021-02-09 08:50:16.401,613.041,46.15
2021-02-09 08:50:15.453,612.093,46.1426
2021-02-09 08:50:14.420,611.06,46.1736
2021-02-09 08:50:13.421,610.061,46.1485
2021-02-09 08:50:12.435,609.075,46.158
2021-02-09 08:50:11.392,608.032,46.1468
2021-02-09 08:50:10.460,607.1,46.1519
2021-02-09 08:50:09.418,606.058,46.1514
2021-02-09 08:50:08.469,605.109,46.1518
2021-02-09 08:50:07.427,604.067,46.1679
2021-02-09 08:50:06.385,603.025,46.158
2021-02-09 08:50:05.452,602.092,46.1724
2021-02-09 08:50:04.410,601.05,46.1665
2021-02-09 08:50:03.462,600.102,46.1751
2021-02-09 08:50:02.420,599.06,46.1824
2021-02-09 08:50:01.482,598.122,46.1887
2021-02-09 08:50:00.440,597.08,46.185
2021-02-09 08:49:59.398,596.038,46.1935
2021-02-09 08:49:58.449,595.089,46.1816
2021-02-09 08:49:57.407,594.047,46.218
2021-02-09 08:49:56.474,593.114,46.2077
2021-02-09 08:49:55.432,592.072,46.2259
2021-02-09 08:49:54.396,591.036,46.2138
2021-02-09 08:49:53.447,590.087,46.2069
2021-02-09 08:49:52.405,589.045,46.2136
2021-02-09 08:49:51.472,588.112,46.2436
2021-02-09 08:49:50.429,587.069,46.2195
2021-02-09 08:49:49.387,586.027,46.2283
2021-02-09 08:49:48.434,585.074,46.2237
2021-02-09 08:49:47.392,584.032,46.2394
2021-02-09 08:49:46.459,583.099,46.2641
2021-02-09 08:49:45.417,582.057,46.2339
2021-02-09 08:49:44.468,581.108,46.2332
2021-02-09 08:49:43.426,580.066,46.2391
2021-02-09 08:49:42.395,579.035,46.226
2021-02-09 08:49:41.447,578.087,46.2381
2021-02-09 08:49:40.405,577.045,46.2528
2021-02-09 08:49:39.457,576.097,46.2301
2021-02-09 08:49:38.414,575.054,46.2452
2021-02-09 08:49:37.477,574.117,46.2463
2021-02-09 08:49:36.431,573.071,46.2663
2021-02-09 08:49:35.396,572.036,46.2549
2021-02-09 08:49:34.448,571.088,46.2343
2021-02-09 08:49:33.406,570.046,46.2354
2021-02-09 08:49:32.473,569.113,46.2597
2021-02-09 08:49:31.431,568.071,46.2608
2021-02-09 08:49:30.389,567.029,46.2702
2021-02-09 08:49:29.439,566.079,46.2598
2021-02-09 08:49:28.396,565.036,46.2536
2021-02-09 08:49:27.462,564.102,46.266
2021-02-09 08:49:26.420,563.06,46.2704
2021-02-09 08:49:25.482,562.122,46.2505
2021-02-09 08:49:24.440,561.08,46.2707
2021-02-09 08:49:23.392,560.032,46.2739
2021-02-09 08:49:22.459,559.099,46.258
2021-02-09 08:49:21.415,558.055,46.2562
2021-02-09 08:49:19.425,556.065,46.2511
2021-02-09 08:49:18.382,555.022,46.2356
2021-02-09 08:49:16.405,553.045,46.2644
2021-02-09 08:49:16.405,553.045,46.2644
2021-02-09 08:49:14.413,551.053,46.2663
2021-02-09 08:49:13.476,550.116,46.2616
2021-02-09 08:49:12.434,549.074,46.2587
2021-02-09 08:49:11.396,548.036,46.2821
2021-02-09 08:49:10.447,547.087,46.2591
2021-02-09 08:49:09.417,546.057,46.2664
2021-02-09 08:49:08.468,545.108,46.2739
2021-02-09 08:49:07.424,544.064,46.273
2021-02-09 08:49:06.381,543.021,46.2725
2021-02-09 08:49:05.440,542.08,46.2623
2021-02-09 08:49:04.398,541.038,46.2616
2021-02-09 08:49:03.449,540.089,46.2508
2021-02-09 08:49:02.407,539.047,46.2745
2021-02-09 08:49:01.477,538.117,46.2609
2021-02-09 08:49:00.426,537.066,46.2592
2021-02-09 08:48:59.383,536.023,46.2609
2021-02-09 08:48:58.449,535.089,46.2824
2021-02-09 08:48:57.408,534.048,46.257
2021-02-09 08:48:56.459,533.099,46.2677
2021-02-09 08:48:55.418,532.058,46.2698
2021-02-09 08:48:54.374,531.014,46.2748
2021-02-09 08:48:53.434,530.074,46.2739
2021-02-09 08:48:52.391,529.031,46.2754
2021-02-09 08:48:51.458,528.098,46.2719
2021-02-09 08:48:50.416,527.056,46.2739
2021-02-09 08:48:49.468,526.108,46.2608
2021-02-09 08:48:48.421,525.061,46.2713
2021-02-09 08:48:47.394,524.034,46.2726
2021-02-09 08:48:46.446,523.086,46.2907
2021-02-09 08:48:45.404,522.044,46.2763
2021-02-09 08:48:44.454,521.094,46.2741
2021-02-09 08:48:43.428,520.068,46.2697
2021-02-09 08:48:42.370,519.01,46.2813
2021-02-09 08:48:41.431,518.071,46.2931
2021-02-09 08:48:40.389,517.029,46.2921
2021-02-09 08:48:39.456,516.096,46.285
2021-02-09 08:48:38.414,515.054,46.2956
2021-02-09 08:48:37.463,514.103,46.277
2021-02-09 08:48:36.405,513.045,46.2961
2021-02-09 08:48:35.458,512.098,46.2985
2021-02-09 08:48:34.431,511.071,46.3075
2021-02-09 08:48:33.389,510.029,46.3102
2021-02-09 08:48:32.441,509.081,46.2899
2021-02-09 08:48:31.399,508.039,46.2962
2021-02-09 08:48:30.449,507.089,46.3091
2021-02-09 08:48:29.421,506.061,46.3141
2021-02-09 08:48:28.378,505.018,46.2995
2021-02-09 08:48:27.430,504.07,46.308
2021-02-09 08:48:26.388,503.028,46.3
2021-02-09 08:48:25.455,502.095,46.3111
2021-02-09 08:48:24.412,501.052,46.329
2021-02-09 08:48:23.459,500.099,46.3064
2021-02-09 08:48:22.416,499.056,46.3251
2021-02-09 08:48:21.375,498.015,46.3094
2021-02-09 08:48:20.442,497.082,46.3334
2021-02-09 08:48:19.400,496.04,46.3034
2021-02-09 08:48:18.451,495.091,46.3281
2021-02-09 08:48:17.409,494.049,46.322
2021-02-09 08:48:16.471,493.111,46.3237
2021-02-09 08:48:15.429,492.069,46.3172
2021-02-09 08:48:14.386,491.026,46.3206
2021-02-09 08:48:13.452,490.092,46.328
2021-02-09 08:48:12.407,489.047,46.3355
2021-02-09 08:48:11.470,488.11,46.3382
2021-02-09 08:48:10.427,487.067,46.3301
2021-02-09 08:48:09.384,486.024,46.3374
2021-02-09 08:48:08.432,485.072,46.3459
2021-02-09 08:48:07.404,484.044,46.3526
2021-02-09 08:48:06.456,483.096,46.3527
2021-02-09 08:48:05.414,482.054,46.3601
2021-02-09 08:48:04.369,481.009,46.3433
2021-02-09 08:48:03.435,480.075,46.3502
2021-02-09 08:48:02.393,479.033,46.3506
2021-02-09 08:48:01.444,478.084,46.3421
2021-02-09 08:48:00.400,477.04,46.3564
2021-02-09 08:47:59.463,476.103,46.3503
2021-02-09 08:47:58.414,475.054,46.362
2021-02-09 08:47:57.372,474.012,46.3899
2021-02-09 08:47:56.438,473.078,46.3744
2021-02-09 08:47:55.396,472.036,46.3827
2021-02-09 08:47:54.462,471.102,46.3838
2021-02-09 08:47:53.419,470.059,46.3909
2021-02-09 08:47:52.470,469.11,46.3817
2021-02-09 08:47:51.428,468.068,46.4016
2021-02-09 08:47:50.384,467.024,46.402
2021-02-09 08:47:49.451,466.091,46.3914
2021-02-09 08:47:48.410,465.05,46.3978
2021-02-09 08:47:47.457,464.097,46.4058
2021-02-09 08:47:46.413,463.053,46.4102
2021-02-09 08:47:45.380,462.02,46.41
2021-02-09 08:47:44.432,461.072,46.4107
2021-02-09 08:47:43.390,460.03,46.4152
2021-02-09 08:47:41.416,458.056,46.4064
2021-02-09 08:47:40.364,457.004,46.4096
2021-02-09 08:47:38.390,455.03,46.4007
2021-02-09 08:47:36.399,453.039,46.3885
2021-02-09 08:47:35.460,452.1,46.3967
2021-02-09 08:47:34.418,451.058,46.3956
2021-02-09 08:47:33.371,450.011,46.4192
2021-02-09 08:47:32.437,449.077,46.417
2021-02-09 08:47:31.395,448.035,46.4067
2021-02-09 08:47:30.447,447.087,46.4148
2021-02-09 08:47:29.421,446.061,46.4108
2021-02-09 08:47:28.378,445.018,46.4066
2021-02-09 08:47:27.428,444.068,46.4027
2021-02-09 08:47:26.385,443.025,46.4119
2021-02-09 08:47:25.453,442.093,46.4061
2021-02-09 08:47:24.411,441.051,46.4136
2021-02-09 08:47:23.457,440.097,46.4159
2021-02-09 08:47:22.415,439.055,46.4122
2021-02-09 08:47:21.372,438.012,46.4337
2021-02-09 08:47:20.439,437.079,46.4288
2021-02-09 08:47:19.395,436.035,46.4328
2021-02-09 08:47:18.445,435.085,46.4448
2021-02-09 08:47:17.403,434.043,46.4446
2021-02-09 08:47:16.469,433.109,46.4389
2021-02-09 08:47:15.430,432.07,46.4551
2021-02-09 08:47:14.388,431.028,46.4369
2021-02-09 08:47:13.440,430.08,46.452
2021-02-09 08:47:12.396,429.036,46.4442
2021-02-09 08:47:11.468,428.108,46.4497
2021-02-09 08:47:10.414,427.054,46.4593
2021-02-09 08:47:09.372,426.012,46.4761
2021-02-09 08:47:08.439,425.079,46.4544
2021-02-09 08:47:07.397,424.037,46.4547
2021-02-09 08:47:06.447,423.087,46.4684
2021-02-09 08:47:05.405,422.045,46.4671
2021-02-09 08:47:04.472,421.112,46.4723
2021-02-09 08:47:03.419,420.059,46.4793
2021-02-09 08:47:02.391,419.031,46.4899
2021-02-09 08:47:01.443,418.083,46.4765
2021-02-09 08:47:00.400,417.04,46.4856
2021-02-09 08:46:59.467,416.107,46.4831
2021-02-09 08:46:58.420,415.06,46.4834
2021-02-09 08:46:57.377,414.017,46.497
2021-02-09 08:46:56.429,413.069,46.5028
2021-02-09 08:46:55.387,412.027,46.5013
2021-02-09 08:46:54.453,411.093,46.4904
2021-02-09 08:46:53.409,410.049,46.4921
2021-02-09 08:46:52.475,409.115,46.5201
2021-02-09 08:46:51.422,408.062,46.5188
2021-02-09 08:46:50.380,407.02,46.5068
2021-02-09 08:46:49.447,406.087,46.5201
2021-02-09 08:46:48.403,405.043,46.5102
2021-02-09 08:46:47.453,404.093,46.5143
2021-02-09 08:46:46.422,403.062,46.5249
2021-02-09 08:46:45.379,402.019,46.5289
2021-02-09 08:46:44.436,401.076,46.5249
2021-02-09 08:46:43.393,400.033,46.5274
2021-02-09 08:46:42.445,399.085,46.541
2021-02-09 08:46:41.403,398.043,46.5408
2021-02-09 08:46:40.470,397.11,46.5413
2021-02-09 08:46:39.428,396.068,46.5559
2021-02-09 08:46:38.386,395.026,46.5345
2021-02-09 08:46:37.437,394.077,46.5473
2021-02-09 08:46:36.395,393.035,46.5435
2021-02-09 08:46:35.457,392.097,46.5421
2021-02-09 08:46:34.424,391.064,46.5575
2021-02-09 08:46:33.368,390.008,46.5449
2021-02-09 08:46:32.436,389.076,46.5412
2021-02-09 08:46:31.394,388.034,46.5513
2021-02-09 08:46:30.445,387.085,46.541
2021-02-09 08:46:29.465,386.105,46.5458
2021-02-09 08:46:28.423,385.063,46.5636
2021-02-09 08:46:27.381,384.021,46.5555
2021-02-09 08:46:26.433,383.073,46.561
2021-02-09 08:46:25.391,382.031,46.5569
2021-02-09 08:46:24.457,381.097,46.5577
2021-02-09 08:46:23.414,380.054,46.5599
2021-02-09 08:46:22.477,379.117,46.5612
2021-02-09 08:46:21.388,378.028,46.5562
2021-02-09 08:46:20.447,377.087,46.5587
2021-02-09 08:46:19.452,376.092,46.559
2021-02-09 08:46:18.409,375.049,46.5693
2021-02-09 08:46:17.367,374.007,46.5598
2021-02-09 08:46:16.433,373.073,46.5732
2021-02-09 08:46:15.391,372.031,46.5803
2021-02-09 08:46:14.457,371.097,46.5817
2021-02-09 08:46:13.414,370.054,46.5977
2021-02-09 08:46:11.423,368.063,46.5831
2021-02-09 08:46:10.380,367.02,46.6105
2021-02-09 08:46:08.399,365.039,46.6125
2021-02-09 08:46:08.399,365.039,46.6125
2021-02-09 08:46:06.423,363.063,46.6388
2021-02-09 08:46:05.381,362.021,46.6465
2021-02-09 08:46:04.432,361.072,46.6419
2021-02-09 08:46:03.388,360.028,46.6366
2021-02-09 08:46:02.447,359.087,46.6443
2021-02-09 08:46:01.405,358.045,46.6463
2021-02-09 08:46:00.472,357.112,46.6719
2021-02-09 08:45:59.430,356.07,46.6693
2021-02-09 08:45:58.388,355.028,46.6541
2021-02-09 08:45:57.435,354.075,46.6562
2021-02-09 08:45:56.393,353.033,46.6614
2021-02-09 08:45:55.456,352.096,46.6398
2021-02-09 08:45:54.414,351.054,46.6453
2021-02-09 08:45:53.372,350.012,46.6527
2021-02-09 08:45:52.439,349.079,46.6371
2021-02-09 08:45:51.397,348.037,46.6593
2021-02-09 08:45:50.449,347.089,46.6571
2021-02-09 08:45:49.407,346.047,46.6541
2021-02-09 08:45:48.458,345.098,46.6648
2021-02-09 08:45:47.416,344.056,46.6684
2021-02-09 08:45:46.390,343.03,46.6622
2021-02-09 08:45:45.437,342.077,46.6636
2021-02-09 08:45:44.395,341.035,46.6622
2021-02-09 08:45:43.458,340.098,46.6598
2021-02-09 08:45:42.416,339.056,46.6869
2021-02-09 08:45:41.375,338.015,46.6629
2021-02-09 08:45:40.426,337.066,46.677
2021-02-09 08:45:39.385,336.025,46.692
2021-02-09 08:45:38.452,335.092,46.69
2021-02-09 08:45:37.410,334.05,46.6852
2021-02-09 08:45:36.461,333.101,46.6767
2021-02-09 08:45:35.418,332.058,46.6783
2021-02-09 08:45:34.375,331.015,46.6754
2021-02-09 08:45:33.438,330.078,46.6985
2021-02-09 08:45:32.396,329.036,46.6794
2021-02-09 08:45:31.462,328.102,46.6748
2021-02-09 08:45:30.419,327.059,46.6901
2021-02-09 08:45:29.377,326.017,46.6946
2021-02-09 08:45:28.429,325.069,46.7012
2021-02-09 08:45:27.386,324.026,46.6944
2021-02-09 08:45:26.453,323.093,46.696
2021-02-09 08:45:25.408,322.048,46.6834
2021-02-09 08:45:24.460,321.1,46.6875
2021-02-09 08:45:23.419,320.059,46.684
2021-02-09 08:45:22.376,319.016,46.7024
2021-02-09 08:45:21.548,318.188,46.6906
2021-02-09 08:45:20.459,317.099,46.6958
2021-02-09 08:45:19.408,316.048,46.6988
2021-02-09 08:45:18.366,315.006,46.6897
2021-02-09 08:45:17.433,314.073,46.6771
2021-02-09 08:45:16.392,313.032,46.6908
2021-02-09 08:45:15.444,312.084,46.6723
2021-02-09 08:45:14.402,311.042,46.6946
2021-02-09 08:45:13.459,310.099,46.6815
2021-02-09 08:45:12.417,309.057,46.6727
2021-02-09 08:45:11.484,308.124,46.6808
2021-02-09 08:45:10.442,307.082,46.6679
2021-02-09 08:45:09.415,306.055,46.6735
2021-02-09 08:45:08.462,305.102,46.6711
2021-02-09 08:45:07.419,304.059,46.68
2021-02-09 08:45:06.377,303.017,46.6419
2021-02-09 08:45:05.444,302.084,46.6823
2021-02-09 08:45:04.402,301.042,46.666
2021-02-09 08:45:03.453,300.093,46.6609
2021-02-09 08:45:02.536,299.176,46.6666
2021-02-09 08:45:01.588,298.228,46.6597
2021-02-09 08:45:00.561,297.201,46.6519
2021-02-09 08:44:59.519,296.159,46.6524
2021-02-09 08:44:58.581,295.221,46.6415
2021-02-09 08:44:57.539,294.179,46.6368
2021-02-09 08:44:56.497,293.137,46.6258
2021-02-09 08:44:55.549,292.189,46.6174
2021-02-09 08:44:54.507,291.147,46.635
2021-02-09 08:44:53.574,290.214,46.6313
2021-02-09 08:44:52.532,289.172,46.6238
2021-02-09 08:44:50.554,287.194,46.6123
2021-02-09 08:44:49.512,286.152,46.6101
2021-02-09 08:44:47.536,284.176,46.6066
2021-02-09 08:44:46.599,283.239,46.5989
2021-02-09 08:44:45.541,282.181,46.6183
2021-02-09 08:44:44.499,281.139,46.5984
2021-02-09 08:44:43.567,280.207,46.5795
2021-02-09 08:44:42.514,279.154,46.5989
2021-02-09 08:44:41.581,278.221,46.6003
2021-02-09 08:44:40.555,277.195,46.5883
2021-02-09 08:44:39.513,276.153,46.5892
2021-02-09 08:44:38.564,275.204,46.5888
2021-02-09 08:44:37.522,274.162,46.5752
2021-02-09 08:44:36.584,273.224,46.5787
2021-02-09 08:44:35.536,272.176,46.5606
2021-02-09 08:44:34.493,271.133,46.5756
2021-02-09 08:44:33.556,270.196,46.5615
2021-02-09 08:44:32.514,269.154,46.5651
2021-02-09 08:44:31.567,268.207,46.556
2021-02-09 08:44:30.525,267.165,46.5442
2021-02-09 08:44:29.498,266.138,46.5275
2021-02-09 08:44:28.549,265.189,46.5371
2021-02-09 08:44:27.507,264.147,46.5199
2021-02-09 08:44:26.559,263.199,46.5255
2021-02-09 08:44:25.517,262.157,46.5328
2021-02-09 08:44:24.580,261.22,46.5336
2021-02-09 08:44:23.539,260.179,46.5231
2021-02-09 08:44:22.496,259.136,46.5409
2021-02-09 08:44:21.559,258.199,46.5268
2021-02-09 08:44:20.517,257.157,46.5176
2021-02-09 08:44:19.569,256.209,46.5075
2021-02-09 08:44:18.525,255.165,46.5085
2021-02-09 08:44:17.483,254.123,46.5155
2021-02-09 08:44:16.550,253.19,46.5257
2021-02-09 08:44:15.509,252.149,46.4975
2021-02-09 08:44:14.561,251.201,46.4897
2021-02-09 08:44:13.518,250.158,46.4795
2021-02-09 08:44:12.476,249.116,46.472
2021-02-09 08:44:11.544,248.184,46.4958
2021-02-09 08:44:10.501,247.141,46.4749
2021-02-09 08:44:09.459,246.099,46.4872
2021-02-09 08:44:08.522,245.162,46.4844
2021-02-09 08:44:07.480,244.12,46.4703
2021-02-09 08:44:06.531,243.171,46.4895
2021-02-09 08:44:05.491,242.131,46.4782
2021-02-09 08:44:04.543,241.183,46.4481
2021-02-09 08:44:03.501,240.141,46.4558
2021-02-09 08:44:02.459,239.099,46.464
2021-02-09 08:44:01.526,238.166,46.4426
2021-02-09 08:44:00.485,237.125,46.45
2021-02-09 08:43:59.442,236.082,46.456
2021-02-09 08:43:58.494,235.134,46.4375
2021-02-09 08:43:57.452,234.092,46.4454
2021-02-09 08:43:56.514,233.154,46.4561
2021-02-09 08:43:55.473,232.113,46.44
2021-02-09 08:43:54.525,231.165,46.4359
2021-02-09 08:43:53.483,230.123,46.4223
2021-02-09 08:43:52.442,229.082,46.4205
2021-02-09 08:43:51.509,228.149,46.4503
2021-02-09 08:43:50.467,227.107,46.4299
2021-02-09 08:43:49.518,226.158,46.4238
2021-02-09 08:43:48.476,225.116,46.4269
2021-02-09 08:43:47.432,224.072,46.4135
2021-02-09 08:43:46.499,223.139,46.398
2021-02-09 08:43:45.457,222.097,46.4123
2021-02-09 08:43:44.520,221.16,46.402
2021-02-09 08:43:43.478,220.118,46.3852
2021-02-09 08:43:42.436,219.076,46.3964
2021-02-09 08:43:41.487,218.127,46.3996
2021-02-09 08:43:40.446,217.086,46.4061
2021-02-09 08:43:39.497,216.137,46.3934
2021-02-09 08:43:38.471,215.111,46.3996
2021-02-09 08:43:37.523,214.163,46.3811
2021-02-09 08:43:36.478,213.118,46.3902
2021-02-09 08:43:35.520,212.16,46.3876
2021-02-09 08:43:34.478,211.118,46.382
2021-02-09 08:43:33.434,210.074,46.3916
2021-02-09 08:43:32.497,209.137,46.3911
2021-02-09 08:43:31.453,208.093,46.4001
2021-02-09 08:43:30.505,207.145,46.3975
2021-02-09 08:43:29.462,206.102,46.3919
2021-02-09 08:43:28.525,205.165,46.378
2021-02-09 08:43:27.483,204.123,46.3834
2021-02-09 08:43:26.441,203.081,46.3993
2021-02-09 08:43:25.492,202.132,46.3934
2021-02-09 08:43:24.466,201.106,46.3851
2021-02-09 08:43:23.509,200.149,46.4008
2021-02-09 08:43:22.482,199.122,46.3881
2021-02-09 08:43:21.439,198.079,46.3889
2021-02-09 08:43:20.491,197.131,46.3717
2021-02-09 08:43:19.444,196.084,46.3797
2021-02-09 08:43:18.511,195.151,46.3828
2021-02-09 08:43:17.468,194.108,46.3839
2021-02-09 08:43:16.519,193.159,46.3856
2021-02-09 08:43:15.476,192.116,46.3882
2021-02-09 08:43:14.449,191.089,46.393
2021-02-09 08:43:13.500,190.14,46.3856
2021-02-09 08:43:12.458,189.098,46.3816
2021-02-09 08:43:10.468,187.108,46.3754
2021-02-09 08:43:09.442,186.082,46.3593
2021-02-09 08:43:07.444,184.084,46.35
2021-02-09 08:43:05.469,182.109,46.3594
2021-02-09 08:43:04.521,181.161,46.3653
2021-02-09 08:43:03.478,180.118,46.3575
2021-02-09 08:43:02.435,179.075,46.3477
2021-02-09 08:43:01.501,178.141,46.3489
2021-02-09 08:43:00.458,177.098,46.3545
2021-02-09 08:42:59.510,176.15,46.3649
2021-02-09 08:42:58.473,175.113,46.3276
2021-02-09 08:42:57.431,174.071,46.352
2021-02-09 08:42:56.499,173.139,46.3357
2021-02-09 08:42:55.456,172.096,46.3638
2021-02-09 08:42:54.409,171.049,46.3234
2021-02-09 08:42:53.462,170.102,46.3424
2021-02-09 08:42:52.430,169.07,46.3204
2021-02-09 08:42:51.481,168.121,46.3174
2021-02-09 08:42:50.437,167.077,46.3121
2021-02-09 08:42:49.457,166.097,46.2979
2021-02-09 08:42:48.414,165.054,46.3078
2021-02-09 08:42:47.480,164.12,46.2964
2021-02-09 08:42:46.428,163.068,46.2632
2021-02-09 08:42:45.495,162.135,46.2656
2021-02-09 08:42:44.452,161.092,46.2778
2021-02-09 08:42:43.409,160.049,46.2417
2021-02-09 08:42:42.472,159.112,46.2547
2021-02-09 08:42:41.430,158.07,46.2541
2021-02-09 08:42:40.481,157.121,46.2368
2021-02-09 08:42:39.454,156.094,46.2315
2021-02-09 08:42:38.412,155.052,46.2305
2021-02-09 08:42:37.463,154.103,46.2208
2021-02-09 08:42:36.421,153.061,46.2113
2021-02-09 08:42:35.483,152.123,46.2222
2021-02-09 08:42:34.444,151.084,46.2095
2021-02-09 08:42:33.401,150.041,46.2131
2021-02-09 08:42:32.452,149.092,46.2087
2021-02-09 08:42:31.424,148.064,46.2064
2021-02-09 08:42:30.471,147.111,46.2004
2021-02-09 08:42:29.427,146.067,46.1875
2021-02-09 08:42:28.400,145.04,46.1788
2021-02-09 08:42:27.450,144.09,46.174
2021-02-09 08:42:26.406,143.046,46.1621
2021-02-09 08:42:25.474,142.114,46.1603
2021-02-09 08:42:24.431,141.071,46.1668
2021-02-09 08:42:23.483,140.123,46.1619
2021-02-09 08:42:22.441,139.081,46.1757
2021-02-09 08:42:21.398,138.038,46.1612
2021-02-09 08:42:20.464,137.104,46.1493
2021-02-09 08:42:19.419,136.059,46.1385
2021-02-09 08:42:18.482,135.122,46.1692
2021-02-09 08:42:17.440,134.08,46.1581
2021-02-09 08:42:16.398,133.038,46.1495
2021-02-09 08:42:15.446,132.086,46.154
2021-02-09 08:42:14.404,131.044,46.1554
2021-02-09 08:42:13.470,130.11,46.153
2021-02-09 08:42:12.428,129.068,46.1438
2021-02-09 08:42:11.479,128.119,46.1445
2021-02-09 08:42:10.438,127.078,46.1434
2021-02-09 08:42:09.395,126.035,46.1409
2021-02-09 08:42:08.462,125.102,46.1337
2021-02-09 08:42:07.420,124.06,46.1276
2021-02-09 08:42:06.483,123.123,46.1386
2021-02-09 08:42:05.441,122.081,46.1327
2021-02-09 08:42:04.399,121.039,46.147
2021-02-09 08:42:03.449,120.089,46.1339
2021-02-09 08:42:02.407,119.047,46.1324
2021-02-09 08:42:01.474,118.114,46.1179
2021-02-09 08:42:00.431,117.071,46.1133
2021-02-09 08:41:59.483,116.123,46.1237
2021-02-09 08:41:58.441,115.081,46.1235
2021-02-09 08:41:57.398,114.038,46.1177
2021-02-09 08:41:56.465,113.105,46.1118
2021-02-09 08:41:55.424,112.064,46.0981
2021-02-09 08:41:54.471,111.111,46.1101
2021-02-09 08:41:53.429,110.069,46.0899
2021-02-09 08:41:52.399,109.039,46.0986
2021-02-09 08:41:51.451,108.091,46.0862
2021-02-09 08:41:50.407,107.047,46.0969
2021-02-09 08:41:49.474,106.114,46.0858
2021-02-09 08:41:48.432,105.072,46.0705
2021-02-09 08:41:47.483,104.123,46.0626
2021-02-09 08:41:46.442,103.082,46.0567
2021-02-09 08:41:45.396,102.036,46.0613
2021-02-09 08:41:44.463,101.103,46.0726
2021-02-09 08:41:43.420,100.06,46.0692
2021-02-09 08:41:42.483,99.123,46.0684
2021-02-09 08:41:41.439,98.079,46.0704
2021-02-09 08:41:40.395,97.035,46.0841
2021-02-09 08:41:39.447,96.087,46.0636
2021-02-09 08:41:38.420,95.06,46.0574
2021-02-09 08:41:36.428,93.068,46.0614
2021-02-09 08:41:34.451,91.091,46.0652
2021-02-09 08:41:33.409,90.049,46.0572
2021-02-09 08:41:33.409,90.049,46.0572
2021-02-09 08:41:31.418,88.058,46.0634
2021-02-09 08:41:30.483,87.123,46.0693
2021-02-09 08:41:29.436,86.076,46.0464
2021-02-09 08:41:28.393,85.033,46.0514
2021-02-09 08:41:27.456,84.096,46.0417
2021-02-09 08:41:26.414,83.054,46.0314
2021-02-09 08:41:25.466,82.106,46.0455
2021-02-09 08:41:24.423,81.063,46.0428
2021-02-09 08:41:23.381,80.021,46.061
2021-02-09 08:41:22.448,79.088,46.0392
2021-02-09 08:41:21.405,78.045,46.0242
2021-02-09 08:41:20.458,77.098,46.0296
2021-02-09 08:41:19.415,76.055,46.0298
2021-02-09 08:41:18.372,75.012,46.0116
2021-02-09 08:41:17.434,74.074,46.0229
2021-02-09 08:41:16.391,73.031,46.0245
2021-02-09 08:41:15.457,72.097,46.027
2021-02-09 08:41:14.415,71.055,46.0127
2021-02-09 08:41:13.372,70.012,46.0047
2021-02-09 08:41:12.424,69.064,46.0156
2021-02-09 08:41:11.382,68.022,46.0056
2021-02-09 08:41:10.449,67.089,46.0252
2021-02-09 08:41:09.405,66.045,45.9971
2021-02-09 08:41:08.469,65.109,46.007
2021-02-09 08:41:07.426,64.066,46.0165
2021-02-09 08:41:06.383,63.023,45.9882
2021-02-09 08:41:05.445,62.085,46.0001
2021-02-09 08:41:04.402,61.042,45.993
2021-02-09 08:41:03.453,60.093,46.0035
2021-02-09 08:41:02.411,59.051,45.9968
2021-02-09 08:41:01.368,58.008,45.9888
2021-02-09 08:41:00.434,57.074,46.006
2021-02-09 08:40:59.390,56.03,46.0144
2021-02-09 08:40:58.441,55.081,46.0201
2021-02-09 08:40:57.414,54.054,45.9956
2021-02-09 08:40:56.365,53.005,46.0101
2021-02-09 08:40:55.417,52.057,46.005
2021-02-09 08:40:54.389,51.029,46.0151
2021-02-09 08:40:53.441,50.081,46.0116
2021-02-09 08:40:52.394,49.034,45.9931
2021-02-09 08:40:51.364,48.004,46.0017
2021-02-09 08:40:50.415,47.055,46.0003
2021-02-09 08:40:49.372,46.012,46.0092
2021-02-09 08:40:48.438,45.078,46.0141
2021-02-09 08:40:47.396,44.036,46.0097
2021-02-09 08:40:46.448,43.088,46.0072
2021-02-09 08:40:45.406,42.046,46.0125
2021-02-09 08:40:44.363,41.003,46.0003
2021-02-09 08:40:43.430,40.07,45.9984
2021-02-09 08:40:42.387,39.027,45.9985
2021-02-09 08:40:41.438,38.078,46.0115
2021-02-09 08:40:40.395,37.035,46.0024
2021-02-09 08:40:39.364,36.004,46.006
2021-02-09 08:40:38.415,35.055,46.0243
2021-02-09 08:40:37.374,34.014,46.0028
2021-02-09 08:40:36.441,33.081,46.0142
2021-02-09 08:40:35.393,32.033,46.0014
2021-02-09 08:40:34.444,31.084,45.997
2021-02-09 08:40:33.401,30.041,46.0109
2021-02-09 08:40:32.359,28.999,46.001
2021-02-09 08:40:31.427,28.067,46.0349
2021-02-09 08:40:30.384,27.024,46.0188
2021-02-09 08:40:29.435,26.075,46.025
2021-02-09 08:40:28.404,25.044,46.031
2021-02-09 08:40:27.361,24.001,46.0266
2021-02-09 08:40:26.413,23.053,46.018
2021-02-09 08:40:25.367,22.007,46.0229
2021-02-09 08:40:24.433,21.073,46.0092
2021-02-09 08:40:23.390,20.03,46.0306
2021-02-09 08:40:22.442,19.082,46.0435
2021-02-09 08:40:21.399,18.039,46.0228
2021-02-09 08:40:20.372,17.012,46.016
2021-02-09 08:40:19.429,16.069,46.0245
2021-02-09 08:40:18.386,15.026,46.0263
2021-02-09 08:40:17.437,14.077,46.027
2021-02-09 08:40:16.395,13.035,46.0348
2021-02-09 08:40:15.348,11.988,46.0271
2021-02-09 08:40:14.414,11.054,46.047
2021-02-09 08:40:13.372,10.012,46.0233
2021-02-09 08:40:12.423,9.063,46.0293
2021-02-09 08:40:11.380,8.02,46.0476
2021-02-09 08:40:10.446,7.086,46.0142
2021-02-09 08:40:09.404,6.044,46.0258
2021-02-09 08:40:08.360,5.0,46.034
2021-02-09 08:40:07.412,4.052,46.0552
2021-02-09 08:40:06.385,3.025,46.0417
2021-02-09 08:40:04.395,1.035,46.0485
2021-02-09 08:40:03.360,0.0,46.0324
